-- Backup estratto il 2026-04-05 08:37:09 UTC
-- Booking IDs: 10410,10411,10412
-- NOTA: notification_queue include stati originali; le conferme già inviate restano status=sent
SET time_zone = '+00:00';
START TRANSACTION;

DELETE FROM `booking_events` WHERE `booking_id` IN (10410,10411,10412);
DELETE FROM `booking_items` WHERE `booking_id` IN (10410,10411,10412);
DELETE FROM `notification_queue` WHERE `booking_id` IN (10410,10411,10412);
DELETE FROM `booking_replacements` WHERE `original_booking_id` IN (10410,10411,10412);
DELETE FROM `booking_replacements` WHERE `new_booking_id` IN (10410,10411,10412);
DELETE FROM `bookings` WHERE `id` IN (10410,10411,10412);

INSERT INTO `bookings` (`id`, `business_id`, `location_id`, `client_id`, `user_id`, `client_name`, `notes`, `status`, `recurrence_rule_id`, `recurrence_index`, `is_recurrence_parent`, `has_conflict`, `source`, `idempotency_key`, `idempotency_expires_at`, `replaces_booking_id`, `replaced_by_booking_id`, `created_at`, `updated_at`) VALUES (10410, 7, 7, 16458, NULL, 'Eleonora Russo', NULL, 'confirmed', NULL, NULL, 0, 0, 'online', 'd3c3e09b-89ab-4d41-9ce3-153417b2a257', '2026-04-05 21:41:19', NULL, NULL, '2026-04-04 19:41:19', '2026-04-04 19:41:19');
INSERT INTO `bookings` (`id`, `business_id`, `location_id`, `client_id`, `user_id`, `client_name`, `notes`, `status`, `recurrence_rule_id`, `recurrence_index`, `is_recurrence_parent`, `has_conflict`, `source`, `idempotency_key`, `idempotency_expires_at`, `replaces_booking_id`, `replaced_by_booking_id`, `created_at`, `updated_at`) VALUES (10411, 7, 7, 18755, NULL, 'Alice Ripamonti', NULL, 'confirmed', NULL, NULL, 0, 0, 'online', '4e5a3326-9bae-46db-a00e-ca33aea0e167', '2026-04-06 09:02:48', NULL, NULL, '2026-04-05 07:02:48', '2026-04-05 07:02:48');
INSERT INTO `bookings` (`id`, `business_id`, `location_id`, `client_id`, `user_id`, `client_name`, `notes`, `status`, `recurrence_rule_id`, `recurrence_index`, `is_recurrence_parent`, `has_conflict`, `source`, `idempotency_key`, `idempotency_expires_at`, `replaces_booking_id`, `replaced_by_booking_id`, `created_at`, `updated_at`) VALUES (10412, 7, 8, 18755, NULL, 'Alice Ripamonti', NULL, 'confirmed', NULL, NULL, 0, 0, 'online', '371f09de-29fd-4d07-90ec-69c29ddda4c5', '2026-04-06 09:04:55', NULL, NULL, '2026-04-05 07:04:55', '2026-04-05 07:04:55');

INSERT INTO `booking_items` (`id`, `booking_id`, `location_id`, `service_id`, `service_variant_id`, `staff_id`, `start_time`, `end_time`, `price`, `list_price_cents`, `applied_price_cents`, `package_id`, `pricing_source`, `extra_blocked_minutes`, `extra_processing_minutes`, `service_name_snapshot`, `client_name_snapshot`, `created_at`, `updated_at`) VALUES (13727, 10410, 7, 588, 707, 49, '2026-04-11 09:30:00', '2026-04-11 09:40:00', '19.00', 1900, 1900, NULL, 'service', 0, 0, 'Glutei', 'Eleonora Russo', '2026-04-04 19:41:19', '2026-04-04 19:41:19');
INSERT INTO `booking_items` (`id`, `booking_id`, `location_id`, `service_id`, `service_variant_id`, `staff_id`, `start_time`, `end_time`, `price`, `list_price_cents`, `applied_price_cents`, `package_id`, `pricing_source`, `extra_blocked_minutes`, `extra_processing_minutes`, `service_name_snapshot`, `client_name_snapshot`, `created_at`, `updated_at`) VALUES (13728, 10410, 7, 590, 709, 49, '2026-04-11 09:50:00', '2026-04-11 10:20:00', '30.00', 3000, 3000, NULL, 'service', 0, 0, 'Gamba Intera + Inguine', 'Eleonora Russo', '2026-04-04 19:41:19', '2026-04-04 19:41:19');
INSERT INTO `booking_items` (`id`, `booking_id`, `location_id`, `service_id`, `service_variant_id`, `staff_id`, `start_time`, `end_time`, `price`, `list_price_cents`, `applied_price_cents`, `package_id`, `pricing_source`, `extra_blocked_minutes`, `extra_processing_minutes`, `service_name_snapshot`, `client_name_snapshot`, `created_at`, `updated_at`) VALUES (13729, 10411, 7, 655, 774, 56, '2026-04-09 13:15:00', '2026-04-09 13:25:00', '10.00', 1000, 1000, NULL, 'service', 0, 0, 'Sopracciglia', 'Alice Ripamonti', '2026-04-05 07:02:48', '2026-04-05 07:02:48');
INSERT INTO `booking_items` (`id`, `booking_id`, `location_id`, `service_id`, `service_variant_id`, `staff_id`, `start_time`, `end_time`, `price`, `list_price_cents`, `applied_price_cents`, `package_id`, `pricing_source`, `extra_blocked_minutes`, `extra_processing_minutes`, `service_name_snapshot`, `client_name_snapshot`, `created_at`, `updated_at`) VALUES (13730, 10412, 8, 641, 639, 48, '2026-05-16 13:30:00', '2026-05-16 15:30:00', '65.00', 6500, 6500, 34, 'package', 0, 0, 'Shatush', 'Alice Ripamonti', '2026-04-05 07:04:55', '2026-04-05 07:04:55');
INSERT INTO `booking_items` (`id`, `booking_id`, `location_id`, `service_id`, `service_variant_id`, `staff_id`, `start_time`, `end_time`, `price`, `list_price_cents`, `applied_price_cents`, `package_id`, `pricing_source`, `extra_blocked_minutes`, `extra_processing_minutes`, `service_name_snapshot`, `client_name_snapshot`, `created_at`, `updated_at`) VALUES (13731, 10412, 8, 630, 628, 48, '2026-05-16 15:30:00', '2026-05-16 16:30:00', '42.00', 4200, 4200, 34, 'package', 0, 0, 'Taglio + Piega', 'Alice Ripamonti', '2026-04-05 07:04:55', '2026-04-05 07:04:55');

INSERT INTO `booking_events` (`id`, `booking_id`, `event_type`, `actor_type`, `actor_id`, `actor_name`, `correlation_id`, `payload_json`, `created_at`) VALUES (27441, 10410, 'booking_created', 'customer', 16458, 'Eleonora Russo', NULL, '{\"items\": [{\"price\": 19, \"end_time\": \"2026-04-11 09:40:00\", \"staff_id\": 49, \"service_id\": 588, \"staff_name\": \"AURORA .\", \"start_time\": \"2026-04-11 09:30:00\", \"service_name\": \"Glutei\"}, {\"price\": 30, \"end_time\": \"2026-04-11 10:20:00\", \"staff_id\": 49, \"service_id\": 590, \"staff_name\": \"AURORA .\", \"start_time\": \"2026-04-11 09:50:00\", \"service_name\": \"Gamba Intera + Inguine\"}], \"notes\": null, \"source\": \"online\", \"status\": \"confirmed\", \"client_id\": 16458, \"booking_id\": 10410, \"location_id\": 7, \"total_price\": 49, \"last_end_time\": \"2026-04-11 10:20:00\", \"first_start_time\": \"2026-04-11 09:30:00\"}', '2026-04-04 21:41:19');
INSERT INTO `booking_events` (`id`, `booking_id`, `event_type`, `actor_type`, `actor_id`, `actor_name`, `correlation_id`, `payload_json`, `created_at`) VALUES (27442, 10410, 'booking_notification_sent', 'system', NULL, 'Notification Worker', NULL, '{\"channel\": \"booking_confirmed\", \"sent_at\": \"2026-04-04 21:42:01\", \"subject\": \"Prenotazione confermata - Elisir Estetica Moderna\", \"provider_used\": \"smtp\", \"notification_id\": 13942, \"recipient_email\": \"eleonorarusso80-@libero.it\"}', '2026-04-04 21:42:01');
INSERT INTO `booking_events` (`id`, `booking_id`, `event_type`, `actor_type`, `actor_id`, `actor_name`, `correlation_id`, `payload_json`, `created_at`) VALUES (27445, 10411, 'booking_created', 'customer', 18755, 'Alice Ripamonti', NULL, '{\"items\": [{\"price\": 10, \"end_time\": \"2026-04-09 13:25:00\", \"staff_id\": 56, \"service_id\": 655, \"staff_name\": \"DEBORA P.\", \"start_time\": \"2026-04-09 13:15:00\", \"service_name\": \"Sopracciglia\"}], \"notes\": null, \"source\": \"online\", \"status\": \"confirmed\", \"client_id\": 18755, \"booking_id\": 10411, \"location_id\": 7, \"total_price\": 10, \"last_end_time\": \"2026-04-09 13:25:00\", \"first_start_time\": \"2026-04-09 13:15:00\"}', '2026-04-05 09:02:48');
INSERT INTO `booking_events` (`id`, `booking_id`, `event_type`, `actor_type`, `actor_id`, `actor_name`, `correlation_id`, `payload_json`, `created_at`) VALUES (27446, 10411, 'booking_notification_sent', 'system', NULL, 'Notification Worker', NULL, '{\"channel\": \"booking_confirmed\", \"sent_at\": \"2026-04-05 09:03:02\", \"subject\": \"Prenotazione confermata - Elisir Estetica Moderna\", \"provider_used\": \"smtp\", \"notification_id\": 13945, \"recipient_email\": \"aliceripa.00@gmail.com\"}', '2026-04-05 09:03:02');
INSERT INTO `booking_events` (`id`, `booking_id`, `event_type`, `actor_type`, `actor_id`, `actor_name`, `correlation_id`, `payload_json`, `created_at`) VALUES (27447, 10412, 'booking_created', 'customer', 18755, 'Alice Ripamonti', NULL, '{\"items\": [{\"price\": 65, \"end_time\": \"2026-05-16 15:30:00\", \"staff_id\": 48, \"service_id\": 641, \"staff_name\": \"LUCREZIA .\", \"start_time\": \"2026-05-16 13:30:00\", \"service_name\": \"Shatush\"}, {\"price\": 42, \"end_time\": \"2026-05-16 16:30:00\", \"staff_id\": 48, \"service_id\": 630, \"staff_name\": \"LUCREZIA .\", \"start_time\": \"2026-05-16 15:30:00\", \"service_name\": \"Taglio + Piega\"}], \"notes\": null, \"source\": \"online\", \"status\": \"confirmed\", \"client_id\": 18755, \"booking_id\": 10412, \"location_id\": 8, \"total_price\": 107, \"last_end_time\": \"2026-05-16 16:30:00\", \"first_start_time\": \"2026-05-16 13:30:00\"}', '2026-04-05 09:04:55');
INSERT INTO `booking_events` (`id`, `booking_id`, `event_type`, `actor_type`, `actor_id`, `actor_name`, `correlation_id`, `payload_json`, `created_at`) VALUES (27448, 10412, 'booking_notification_sent', 'system', NULL, 'Notification Worker', NULL, '{\"channel\": \"booking_confirmed\", \"sent_at\": \"2026-04-05 09:05:01\", \"subject\": \"Prenotazione confermata - Elisir Estetica Moderna\", \"provider_used\": \"smtp\", \"notification_id\": 13947, \"recipient_email\": \"aliceripa.00@gmail.com\"}', '2026-04-05 09:05:01');

INSERT INTO `notification_queue` (`id`, `type`, `channel`, `recipient_type`, `recipient_id`, `recipient_email`, `recipient_phone`, `recipient_name`, `subject`, `payload`, `priority`, `scheduled_at`, `status`, `attempts`, `max_attempts`, `last_attempt_at`, `sent_at`, `failed_at`, `error_message`, `provider_used`, `business_id`, `booking_id`, `created_at`, `updated_at`) VALUES (13942, 'email', 'booking_confirmed', 'client', 16458, 'eleonorarusso80-@libero.it', NULL, 'Eleonora', 'Prenotazione confermata - Elisir Estetica Moderna', '{\"template\": \"booking_confirmed\", \"variables\": {\"date\": \"sabato 11 aprile 2026\", \"time\": \"09:30\", \"services\": \"Glutei, Gamba Intera + Inguine\", \"manage_url\": \"https://prenota.romeolab.it/elisir-estetica-moderna/my-bookings\", \"booking_url\": \"https://prenota.romeolab.it/elisir-estetica-moderna/booking\", \"client_name\": \"Eleonora\", \"sender_name\": \"Elisir Estetica Moderna\", \"total_price\": \"49,00\", \"sender_email\": \"debora.perdon@virgilio.it\", \"business_name\": \"Elisir Estetica Moderna\", \"location_city\": \"\", \"location_name\": \"Salone Di Piazza Roma\", \"business_email\": \"debora.perdon@virgilio.it\", \"location_email\": \"\", \"location_phone\": \"\", \"cancel_deadline\": \"venerdì 10 aprile 2026 alle 09:30\", \"location_address\": \"Piazza Roma 4,  Seveso\", \"location_block_html\": \"<tr>\\n                                    <td style=\\\"padding:8px 0;border-bottom:1px solid #e0e0e0;\\\">\\n                                        <span style=\\\"color:#666;\\\">📍 Dove</span><br>\\n                                        <strong style=\\\"color:#333;\\\">Salone Di Piazza Roma</strong><br>\\n                                        <span style=\\\"color:#666;font-size:14px;\\\">Piazza Roma 4,  Seveso</span>\\n                                    </td>\\n                                </tr>\", \"location_block_text\": \"📍 Dove: Salone Di Piazza Roma, Piazza Roma 4,  Seveso\\n\"}, \"attachments\": [{\"content\": \"QkVHSU46VkNBTEVOREFSDQpWRVJTSU9OOjIuMA0KUFJPRElEOi0vL1JvbWVvTGFiIEFnZW5kYS8vSVQNCkNBTFNDQUxFOkdSRUdPUklBTg0KTUVUSE9EOlBVQkxJU0gNClgtV1ItVElNRVpPTkU6RXVyb3BlL1JvbWUNCkJFR0lOOlZFVkVOVA0KVUlEOmJvb2tpbmctMTA0MTAtMjAyNjA0MTFAcm9tZW9sYWIuaXQNCkRUU1RBTVA6MjAyNjA0MDRUMTk0MTE5Wg0KRFRTVEFSVDtUWklEPUV1cm9wZS9Sb21lOjIwMjYwNDExVDA5MzAwMA0KRFRFTkQ7VFpJRD1FdXJvcGUvUm9tZToyMDI2MDQxMVQxMDIwMDANClNVTU1BUlk6QXBwdW50YW1lbnRvIHByZXNzbyBFbGlzaXIgRXN0ZXRpY2EgTW9kZXJuYQ0KREVTQ1JJUFRJT046U2Vydml6aTogR2x1dGVpXCwgR2FtYmEgSW50ZXJhICsgSW5ndWluZQ0KTE9DQVRJT046U2Fsb25lIERpIFBpYXp6YSBSb21hXCwgUGlhenphIFJvbWEgNFwsICBTZXZlc28NClNUQVRVUzpDT05GSVJNRUQNClNFUVVFTkNFOjANCkVORDpWRVZFTlQNCkVORDpWQ0FMRU5EQVI=\", \"encoding\": \"base64\", \"filename\": \"appuntamento.ics\", \"content_type\": \"text/calendar; charset=utf-8\"}]}', 1, NULL, 'sent', 1, 3, '2026-04-04 21:42:01', '2026-04-04 21:42:01', NULL, NULL, 'smtp', 7, 10410, '2026-04-04 19:41:19', '2026-04-04 19:42:01');
INSERT INTO `notification_queue` (`id`, `type`, `channel`, `recipient_type`, `recipient_id`, `recipient_email`, `recipient_phone`, `recipient_name`, `subject`, `payload`, `priority`, `scheduled_at`, `status`, `attempts`, `max_attempts`, `last_attempt_at`, `sent_at`, `failed_at`, `error_message`, `provider_used`, `business_id`, `booking_id`, `created_at`, `updated_at`) VALUES (13943, 'email', 'booking_reminder', 'client', 16458, 'eleonorarusso80-@libero.it', NULL, 'Eleonora', 'Promemoria: domani hai un appuntamento - Elisir Estetica Moderna', '{\"template\": \"booking_reminder\", \"variables\": {\"date\": \"sabato 11 aprile 2026\", \"time\": \"09:30\", \"services\": \"Glutei, Gamba Intera + Inguine\", \"manage_url\": \"https://prenota.romeolab.it/elisir-estetica-moderna/my-bookings\", \"client_name\": \"Eleonora\", \"sender_name\": \"Elisir Estetica Moderna\", \"sender_email\": \"debora.perdon@virgilio.it\", \"business_name\": \"Elisir Estetica Moderna\", \"location_name\": \"Salone Di Piazza Roma\", \"business_email\": \"debora.perdon@virgilio.it\", \"location_email\": \"\", \"location_phone\": \"\", \"location_address\": \"Piazza Roma 4,  Seveso\", \"location_block_html\": \"<tr>\\n                                    <td style=\\\"padding:5px 0;\\\">\\n                                        <span style=\\\"color:#666;\\\">📍 Dove</span><br>\\n                                        <strong style=\\\"color:#333;\\\">Salone Di Piazza Roma</strong><br>\\n                                        <span style=\\\"color:#666;font-size:14px;\\\">Piazza Roma 4,  Seveso</span>\\n                                    </td>\\n                                </tr>\", \"location_block_text\": \"📍 Dove: Salone Di Piazza Roma, Piazza Roma 4,  Seveso\\n\"}, \"attachments\": [{\"content\": \"QkVHSU46VkNBTEVOREFSDQpWRVJTSU9OOjIuMA0KUFJPRElEOi0vL1JvbWVvTGFiIEFnZW5kYS8vSVQNCkNBTFNDQUxFOkdSRUdPUklBTg0KTUVUSE9EOlBVQkxJU0gNClgtV1ItVElNRVpPTkU6RXVyb3BlL1JvbWUNCkJFR0lOOlZFVkVOVA0KVUlEOmJvb2tpbmctMTA0MTAtMjAyNjA0MTFAcm9tZW9sYWIuaXQNCkRUU1RBTVA6MjAyNjA0MDRUMTk0MTE5Wg0KRFRTVEFSVDtUWklEPUV1cm9wZS9Sb21lOjIwMjYwNDExVDA5MzAwMA0KRFRFTkQ7VFpJRD1FdXJvcGUvUm9tZToyMDI2MDQxMVQxMDIwMDANClNVTU1BUlk6QXBwdW50YW1lbnRvIHByZXNzbyBFbGlzaXIgRXN0ZXRpY2EgTW9kZXJuYQ0KREVTQ1JJUFRJT046U2Vydml6aTogR2x1dGVpXCwgR2FtYmEgSW50ZXJhICsgSW5ndWluZQ0KTE9DQVRJT046U2Fsb25lIERpIFBpYXp6YSBSb21hXCwgUGlhenphIFJvbWEgNFwsICBTZXZlc28NClNUQVRVUzpDT05GSVJNRUQNClNFUVVFTkNFOjANCkVORDpWRVZFTlQNCkVORDpWQ0FMRU5EQVI=\", \"encoding\": \"base64\", \"filename\": \"appuntamento.ics\", \"content_type\": \"text/calendar; charset=utf-8\"}]}', 5, '2026-04-10 09:30:00', 'pending', 0, 4, NULL, NULL, NULL, NULL, 'smtp', 7, 10410, '2026-04-04 19:41:19', '2026-04-04 19:41:19');
INSERT INTO `notification_queue` (`id`, `type`, `channel`, `recipient_type`, `recipient_id`, `recipient_email`, `recipient_phone`, `recipient_name`, `subject`, `payload`, `priority`, `scheduled_at`, `status`, `attempts`, `max_attempts`, `last_attempt_at`, `sent_at`, `failed_at`, `error_message`, `provider_used`, `business_id`, `booking_id`, `created_at`, `updated_at`) VALUES (13945, 'email', 'booking_confirmed', 'client', 18755, 'aliceripa.00@gmail.com', NULL, 'Alice', 'Prenotazione confermata - Elisir Estetica Moderna', '{\"template\": \"booking_confirmed\", \"variables\": {\"date\": \"giovedì 9 aprile 2026\", \"time\": \"13:15\", \"services\": \"Sopracciglia\", \"manage_url\": \"https://prenota.romeolab.it/elisir-estetica-moderna/my-bookings\", \"booking_url\": \"https://prenota.romeolab.it/elisir-estetica-moderna/booking\", \"client_name\": \"Alice\", \"sender_name\": \"Elisir Estetica Moderna\", \"total_price\": \"10,00\", \"sender_email\": \"debora.perdon@virgilio.it\", \"business_name\": \"Elisir Estetica Moderna\", \"location_city\": \"\", \"location_name\": \"Salone Di Piazza Roma\", \"business_email\": \"debora.perdon@virgilio.it\", \"location_email\": \"\", \"location_phone\": \"\", \"cancel_deadline\": \"mercoledì 8 aprile 2026 alle 13:15\", \"location_address\": \"Piazza Roma 4,  Seveso\", \"location_block_html\": \"<tr>\\n                                    <td style=\\\"padding:8px 0;border-bottom:1px solid #e0e0e0;\\\">\\n                                        <span style=\\\"color:#666;\\\">📍 Dove</span><br>\\n                                        <strong style=\\\"color:#333;\\\">Salone Di Piazza Roma</strong><br>\\n                                        <span style=\\\"color:#666;font-size:14px;\\\">Piazza Roma 4,  Seveso</span>\\n                                    </td>\\n                                </tr>\", \"location_block_text\": \"📍 Dove: Salone Di Piazza Roma, Piazza Roma 4,  Seveso\\n\"}, \"attachments\": [{\"content\": \"QkVHSU46VkNBTEVOREFSDQpWRVJTSU9OOjIuMA0KUFJPRElEOi0vL1JvbWVvTGFiIEFnZW5kYS8vSVQNCkNBTFNDQUxFOkdSRUdPUklBTg0KTUVUSE9EOlBVQkxJU0gNClgtV1ItVElNRVpPTkU6RXVyb3BlL1JvbWUNCkJFR0lOOlZFVkVOVA0KVUlEOmJvb2tpbmctMTA0MTEtMjAyNjA0MDlAcm9tZW9sYWIuaXQNCkRUU1RBTVA6MjAyNjA0MDVUMDcwMjQ4Wg0KRFRTVEFSVDtUWklEPUV1cm9wZS9Sb21lOjIwMjYwNDA5VDEzMTUwMA0KRFRFTkQ7VFpJRD1FdXJvcGUvUm9tZToyMDI2MDQwOVQxMzI1MDANClNVTU1BUlk6QXBwdW50YW1lbnRvIHByZXNzbyBFbGlzaXIgRXN0ZXRpY2EgTW9kZXJuYQ0KREVTQ1JJUFRJT046U2Vydml6aTogU29wcmFjY2lnbGlhDQpMT0NBVElPTjpTYWxvbmUgRGkgUGlhenphIFJvbWFcLCBQaWF6emEgUm9tYSA0XCwgIFNldmVzbw0KU1RBVFVTOkNPTkZJUk1FRA0KU0VRVUVOQ0U6MA0KRU5EOlZFVkVOVA0KRU5EOlZDQUxFTkRBUg==\", \"encoding\": \"base64\", \"filename\": \"appuntamento.ics\", \"content_type\": \"text/calendar; charset=utf-8\"}]}', 1, NULL, 'sent', 1, 3, '2026-04-05 09:03:02', '2026-04-05 09:03:02', NULL, NULL, 'smtp', 7, 10411, '2026-04-05 07:02:48', '2026-04-05 07:03:02');
INSERT INTO `notification_queue` (`id`, `type`, `channel`, `recipient_type`, `recipient_id`, `recipient_email`, `recipient_phone`, `recipient_name`, `subject`, `payload`, `priority`, `scheduled_at`, `status`, `attempts`, `max_attempts`, `last_attempt_at`, `sent_at`, `failed_at`, `error_message`, `provider_used`, `business_id`, `booking_id`, `created_at`, `updated_at`) VALUES (13946, 'email', 'booking_reminder', 'client', 18755, 'aliceripa.00@gmail.com', NULL, 'Alice', 'Promemoria: domani hai un appuntamento - Elisir Estetica Moderna', '{\"template\": \"booking_reminder\", \"variables\": {\"date\": \"giovedì 9 aprile 2026\", \"time\": \"13:15\", \"services\": \"Sopracciglia\", \"manage_url\": \"https://prenota.romeolab.it/elisir-estetica-moderna/my-bookings\", \"client_name\": \"Alice\", \"sender_name\": \"Elisir Estetica Moderna\", \"sender_email\": \"debora.perdon@virgilio.it\", \"business_name\": \"Elisir Estetica Moderna\", \"location_name\": \"Salone Di Piazza Roma\", \"business_email\": \"debora.perdon@virgilio.it\", \"location_email\": \"\", \"location_phone\": \"\", \"location_address\": \"Piazza Roma 4,  Seveso\", \"location_block_html\": \"<tr>\\n                                    <td style=\\\"padding:5px 0;\\\">\\n                                        <span style=\\\"color:#666;\\\">📍 Dove</span><br>\\n                                        <strong style=\\\"color:#333;\\\">Salone Di Piazza Roma</strong><br>\\n                                        <span style=\\\"color:#666;font-size:14px;\\\">Piazza Roma 4,  Seveso</span>\\n                                    </td>\\n                                </tr>\", \"location_block_text\": \"📍 Dove: Salone Di Piazza Roma, Piazza Roma 4,  Seveso\\n\"}, \"attachments\": [{\"content\": \"QkVHSU46VkNBTEVOREFSDQpWRVJTSU9OOjIuMA0KUFJPRElEOi0vL1JvbWVvTGFiIEFnZW5kYS8vSVQNCkNBTFNDQUxFOkdSRUdPUklBTg0KTUVUSE9EOlBVQkxJU0gNClgtV1ItVElNRVpPTkU6RXVyb3BlL1JvbWUNCkJFR0lOOlZFVkVOVA0KVUlEOmJvb2tpbmctMTA0MTEtMjAyNjA0MDlAcm9tZW9sYWIuaXQNCkRUU1RBTVA6MjAyNjA0MDVUMDcwMjQ4Wg0KRFRTVEFSVDtUWklEPUV1cm9wZS9Sb21lOjIwMjYwNDA5VDEzMTUwMA0KRFRFTkQ7VFpJRD1FdXJvcGUvUm9tZToyMDI2MDQwOVQxMzI1MDANClNVTU1BUlk6QXBwdW50YW1lbnRvIHByZXNzbyBFbGlzaXIgRXN0ZXRpY2EgTW9kZXJuYQ0KREVTQ1JJUFRJT046U2Vydml6aTogU29wcmFjY2lnbGlhDQpMT0NBVElPTjpTYWxvbmUgRGkgUGlhenphIFJvbWFcLCBQaWF6emEgUm9tYSA0XCwgIFNldmVzbw0KU1RBVFVTOkNPTkZJUk1FRA0KU0VRVUVOQ0U6MA0KRU5EOlZFVkVOVA0KRU5EOlZDQUxFTkRBUg==\", \"encoding\": \"base64\", \"filename\": \"appuntamento.ics\", \"content_type\": \"text/calendar; charset=utf-8\"}]}', 5, '2026-04-08 13:15:00', 'pending', 0, 4, NULL, NULL, NULL, NULL, 'smtp', 7, 10411, '2026-04-05 07:02:48', '2026-04-05 07:02:48');
INSERT INTO `notification_queue` (`id`, `type`, `channel`, `recipient_type`, `recipient_id`, `recipient_email`, `recipient_phone`, `recipient_name`, `subject`, `payload`, `priority`, `scheduled_at`, `status`, `attempts`, `max_attempts`, `last_attempt_at`, `sent_at`, `failed_at`, `error_message`, `provider_used`, `business_id`, `booking_id`, `created_at`, `updated_at`) VALUES (13947, 'email', 'booking_confirmed', 'client', 18755, 'aliceripa.00@gmail.com', NULL, 'Alice', 'Prenotazione confermata - Elisir Estetica Moderna', '{\"template\": \"booking_confirmed\", \"variables\": {\"date\": \"sabato 16 maggio 2026\", \"time\": \"13:30\", \"services\": \"Shatush, Taglio + Piega\", \"manage_url\": \"https://prenota.romeolab.it/elisir-estetica-moderna/my-bookings\", \"booking_url\": \"https://prenota.romeolab.it/elisir-estetica-moderna/booking\", \"client_name\": \"Alice\", \"sender_name\": \"Elisir Estetica Moderna\", \"total_price\": \"107,00\", \"sender_email\": \"debora.perdon@virgilio.it\", \"business_name\": \"Elisir Estetica Moderna\", \"location_city\": \"\", \"location_name\": \"Salone Di Corso Isonzo\", \"business_email\": \"debora.perdon@virgilio.it\", \"location_email\": \"\", \"location_phone\": \"\", \"cancel_deadline\": \"venerdì 15 maggio 2026 alle 13:30\", \"location_address\": \"Corso Isonzo 98 - Seveso\", \"location_block_html\": \"<tr>\\n                                    <td style=\\\"padding:8px 0;border-bottom:1px solid #e0e0e0;\\\">\\n                                        <span style=\\\"color:#666;\\\">📍 Dove</span><br>\\n                                        <strong style=\\\"color:#333;\\\">Salone Di Corso Isonzo</strong><br>\\n                                        <span style=\\\"color:#666;font-size:14px;\\\">Corso Isonzo 98 - Seveso</span>\\n                                    </td>\\n                                </tr>\", \"location_block_text\": \"📍 Dove: Salone Di Corso Isonzo, Corso Isonzo 98 - Seveso\\n\"}, \"attachments\": [{\"content\": \"QkVHSU46VkNBTEVOREFSDQpWRVJTSU9OOjIuMA0KUFJPRElEOi0vL1JvbWVvTGFiIEFnZW5kYS8vSVQNCkNBTFNDQUxFOkdSRUdPUklBTg0KTUVUSE9EOlBVQkxJU0gNClgtV1ItVElNRVpPTkU6RXVyb3BlL1JvbWUNCkJFR0lOOlZFVkVOVA0KVUlEOmJvb2tpbmctMTA0MTItMjAyNjA1MTZAcm9tZW9sYWIuaXQNCkRUU1RBTVA6MjAyNjA0MDVUMDcwNDU1Wg0KRFRTVEFSVDtUWklEPUV1cm9wZS9Sb21lOjIwMjYwNTE2VDEzMzAwMA0KRFRFTkQ7VFpJRD1FdXJvcGUvUm9tZToyMDI2MDUxNlQxNjMwMDANClNVTU1BUlk6QXBwdW50YW1lbnRvIHByZXNzbyBFbGlzaXIgRXN0ZXRpY2EgTW9kZXJuYQ0KREVTQ1JJUFRJT046U2Vydml6aTogU2hhdHVzaFwsIFRhZ2xpbyArIFBpZWdhDQpMT0NBVElPTjpTYWxvbmUgRGkgQ29yc28gSXNvbnpvXCwgQ29yc28gSXNvbnpvIDk4IC0gU2V2ZXNvDQpTVEFUVVM6Q09ORklSTUVEDQpTRVFVRU5DRTowDQpFTkQ6VkVWRU5UDQpFTkQ6VkNBTEVOREFS\", \"encoding\": \"base64\", \"filename\": \"appuntamento.ics\", \"content_type\": \"text/calendar; charset=utf-8\"}]}', 1, NULL, 'sent', 1, 3, '2026-04-05 09:05:01', '2026-04-05 09:05:01', NULL, NULL, 'smtp', 7, 10412, '2026-04-05 07:04:55', '2026-04-05 07:05:01');
INSERT INTO `notification_queue` (`id`, `type`, `channel`, `recipient_type`, `recipient_id`, `recipient_email`, `recipient_phone`, `recipient_name`, `subject`, `payload`, `priority`, `scheduled_at`, `status`, `attempts`, `max_attempts`, `last_attempt_at`, `sent_at`, `failed_at`, `error_message`, `provider_used`, `business_id`, `booking_id`, `created_at`, `updated_at`) VALUES (13948, 'email', 'booking_reminder', 'client', 18755, 'aliceripa.00@gmail.com', NULL, 'Alice', 'Promemoria: domani hai un appuntamento - Elisir Estetica Moderna', '{\"template\": \"booking_reminder\", \"variables\": {\"date\": \"sabato 16 maggio 2026\", \"time\": \"13:30\", \"services\": \"Shatush, Taglio + Piega\", \"manage_url\": \"https://prenota.romeolab.it/elisir-estetica-moderna/my-bookings\", \"client_name\": \"Alice\", \"sender_name\": \"Elisir Estetica Moderna\", \"sender_email\": \"debora.perdon@virgilio.it\", \"business_name\": \"Elisir Estetica Moderna\", \"location_name\": \"Salone Di Corso Isonzo\", \"business_email\": \"debora.perdon@virgilio.it\", \"location_email\": \"\", \"location_phone\": \"\", \"location_address\": \"Corso Isonzo 98 - Seveso\", \"location_block_html\": \"<tr>\\n                                    <td style=\\\"padding:5px 0;\\\">\\n                                        <span style=\\\"color:#666;\\\">📍 Dove</span><br>\\n                                        <strong style=\\\"color:#333;\\\">Salone Di Corso Isonzo</strong><br>\\n                                        <span style=\\\"color:#666;font-size:14px;\\\">Corso Isonzo 98 - Seveso</span>\\n                                    </td>\\n                                </tr>\", \"location_block_text\": \"📍 Dove: Salone Di Corso Isonzo, Corso Isonzo 98 - Seveso\\n\"}, \"attachments\": [{\"content\": \"QkVHSU46VkNBTEVOREFSDQpWRVJTSU9OOjIuMA0KUFJPRElEOi0vL1JvbWVvTGFiIEFnZW5kYS8vSVQNCkNBTFNDQUxFOkdSRUdPUklBTg0KTUVUSE9EOlBVQkxJU0gNClgtV1ItVElNRVpPTkU6RXVyb3BlL1JvbWUNCkJFR0lOOlZFVkVOVA0KVUlEOmJvb2tpbmctMTA0MTItMjAyNjA1MTZAcm9tZW9sYWIuaXQNCkRUU1RBTVA6MjAyNjA0MDVUMDcwNDU1Wg0KRFRTVEFSVDtUWklEPUV1cm9wZS9Sb21lOjIwMjYwNTE2VDEzMzAwMA0KRFRFTkQ7VFpJRD1FdXJvcGUvUm9tZToyMDI2MDUxNlQxNjMwMDANClNVTU1BUlk6QXBwdW50YW1lbnRvIHByZXNzbyBFbGlzaXIgRXN0ZXRpY2EgTW9kZXJuYQ0KREVTQ1JJUFRJT046U2Vydml6aTogU2hhdHVzaFwsIFRhZ2xpbyArIFBpZWdhDQpMT0NBVElPTjpTYWxvbmUgRGkgQ29yc28gSXNvbnpvXCwgQ29yc28gSXNvbnpvIDk4IC0gU2V2ZXNvDQpTVEFUVVM6Q09ORklSTUVEDQpTRVFVRU5DRTowDQpFTkQ6VkVWRU5UDQpFTkQ6VkNBTEVOREFS\", \"encoding\": \"base64\", \"filename\": \"appuntamento.ics\", \"content_type\": \"text/calendar; charset=utf-8\"}]}', 5, '2026-05-15 13:30:00', 'pending', 0, 4, NULL, NULL, NULL, NULL, 'smtp', 7, 10412, '2026-04-05 07:04:55', '2026-04-05 07:04:55');

-- booking_replacements: 0 rows
COMMIT;
