-- Generated from dump: /Users/dariolarosa/Downloads/db5hleekkbuuhm_prima.sql
-- Restoring bookings (non business 5 request): 10404,10405,10406,10407,10408,10409,10410,10411,10412
SET time_zone = '+00:00';
START TRANSACTION;

DELETE FROM `booking_events` WHERE `booking_id` IN (10404,10405,10406,10407,10408,10409,10410,10411,10412);
DELETE FROM `booking_items` WHERE `booking_id` IN (10404,10405,10406,10407,10408,10409,10410,10411,10412);
DELETE FROM `notification_queue` WHERE `booking_id` IN (10404,10405,10406,10407,10408,10409,10410,10411,10412);
DELETE FROM `booking_replacements` WHERE `original_booking_id` IN (10404,10405,10406,10407,10408,10409,10410,10411,10412) OR `new_booking_id` IN (10404,10405,10406,10407,10408,10409,10410,10411,10412);
DELETE FROM `bookings` WHERE `id` IN (10404,10405,10406,10407,10408,10409,10410,10411,10412);

INSERT IGNORE INTO `clients` (`id`, `business_id`, `user_id`, `password_hash`, `email_verified_at`, `first_name`, `last_name`, `email`, `phone`, `gender`, `birth_date`, `city`, `notes`, `loyalty_points`, `last_visit`, `is_archived`, `blocked`, `created_at`, `updated_at`) VALUES (203, 1, NULL, NULL, NULL, 'Maria', 'Formiconi', 'formiconimaria@gmail.com', '+393284433856', NULL, NULL, NULL, '9.0 One60nine+ 15g di 9.1 One60nine', 0, NULL, 0, 0, '2026-01-21 16:53:05', '2026-01-21 16:53:05');
INSERT IGNORE INTO `clients` (`id`, `business_id`, `user_id`, `password_hash`, `email_verified_at`, `first_name`, `last_name`, `email`, `phone`, `gender`, `birth_date`, `city`, `notes`, `loyalty_points`, `last_visit`, `is_archived`, `blocked`, `created_at`, `updated_at`) VALUES (3269, 3, NULL, '$2y$12$mAVIFB.cBizyOCAebaupcuYyqBEIG.n383GFLhgzKKwKAks..69SO', NULL, 'Eleonora', 'Cinelli', 'cinelli_eleonora@libero.it', '+393465022678', NULL, NULL, NULL, NULL, 0, NULL, 0, 0, '2024-10-07 00:00:00', '2026-03-06 15:04:34');
INSERT IGNORE INTO `clients` (`id`, `business_id`, `user_id`, `password_hash`, `email_verified_at`, `first_name`, `last_name`, `email`, `phone`, `gender`, `birth_date`, `city`, `notes`, `loyalty_points`, `last_visit`, `is_archived`, `blocked`, `created_at`, `updated_at`) VALUES (16458, 7, NULL, '$2y$12$8Aku9FmEAJ8JNe50rfvWAexlR.WVczjjj9NMsjrdNWslqDxEN8B7S', NULL, 'Eleonora', 'Russo', 'eleonorarusso80-@libero.it', '+393463671208', NULL, NULL, NULL, NULL, 0, NULL, 0, 0, '2024-06-17 00:00:00', '2026-04-04 19:34:08');
INSERT IGNORE INTO `clients` (`id`, `business_id`, `user_id`, `password_hash`, `email_verified_at`, `first_name`, `last_name`, `email`, `phone`, `gender`, `birth_date`, `city`, `notes`, `loyalty_points`, `last_visit`, `is_archived`, `blocked`, `created_at`, `updated_at`) VALUES (18129, 7, NULL, '$2y$12$JjzxOAd2qP/EyJXg1OjM..Bo.SPnqRyXaPKr3NPhpXE1MLAn66KKq', NULL, 'sara', 'Oltolini', 'oltolinisara@gmail.com', '+393493175137', NULL, NULL, NULL, NULL, 0, NULL, 0, 0, '2022-05-19 00:00:00', '2026-03-09 14:51:53');
INSERT IGNORE INTO `clients` (`id`, `business_id`, `user_id`, `password_hash`, `email_verified_at`, `first_name`, `last_name`, `email`, `phone`, `gender`, `birth_date`, `city`, `notes`, `loyalty_points`, `last_visit`, `is_archived`, `blocked`, `created_at`, `updated_at`) VALUES (18755, 7, NULL, '$2y$12$dfTE2e.oYC4BsGMnyq.R1unlmT7wC78mbbJDvRw/zJS6.rQyX1P.G', NULL, 'Alice', 'Ripamonti', 'aliceripa.00@gmail.com', '+393467637251', NULL, NULL, NULL, NULL, 0, NULL, 0, 0, '2022-05-19 00:00:00', '2026-02-17 07:51:45');
INSERT IGNORE INTO `clients` (`id`, `business_id`, `user_id`, `password_hash`, `email_verified_at`, `first_name`, `last_name`, `email`, `phone`, `gender`, `birth_date`, `city`, `notes`, `loyalty_points`, `last_visit`, `is_archived`, `blocked`, `created_at`, `updated_at`) VALUES (19137, 9, NULL, NULL, NULL, 'CAROLA', 'SANZONE', NULL, '+393289610804', NULL, NULL, NULL, NULL, 0, NULL, 0, 0, '2025-06-03 00:00:00', '2026-02-11 08:57:50');
INSERT IGNORE INTO `clients` (`id`, `business_id`, `user_id`, `password_hash`, `email_verified_at`, `first_name`, `last_name`, `email`, `phone`, `gender`, `birth_date`, `city`, `notes`, `loyalty_points`, `last_visit`, `is_archived`, `blocked`, `created_at`, `updated_at`) VALUES (35028, 9, NULL, NULL, NULL, 'Carola', 'Latini', NULL, '+39 3478250258', NULL, NULL, NULL, NULL, 0, NULL, 0, 0, '2026-03-26 10:24:34', '2026-03-26 10:24:34');
INSERT IGNORE INTO `clients` (`id`, `business_id`, `user_id`, `password_hash`, `email_verified_at`, `first_name`, `last_name`, `email`, `phone`, `gender`, `birth_date`, `city`, `notes`, `loyalty_points`, `last_visit`, `is_archived`, `blocked`, `created_at`, `updated_at`) VALUES (35204, 9, NULL, NULL, NULL, 'Eloisa', 'Mazza', NULL, '+39 3922468983', NULL, NULL, NULL, NULL, 0, NULL, 0, 0, '2026-04-04 17:50:15', '2026-04-04 17:50:15');

INSERT INTO `bookings` (`id`, `business_id`, `location_id`, `client_id`, `user_id`, `client_name`, `notes`, `status`, `recurrence_rule_id`, `recurrence_index`, `is_recurrence_parent`, `has_conflict`, `source`, `idempotency_key`, `idempotency_expires_at`, `replaces_booking_id`, `replaced_by_booking_id`, `created_at`, `updated_at`) VALUES (10404, 9, 9, 35204, 18, 'Eloisa Mazza', NULL, 'confirmed', NULL, NULL, 0, 0, 'manual', 'c4c93510-4f23-4872-8dd6-754817fa8d7b', '2026-04-05 19:50:16', NULL, NULL, '2026-04-04 17:50:16', '2026-04-04 17:50:16');
INSERT INTO `bookings` (`id`, `business_id`, `location_id`, `client_id`, `user_id`, `client_name`, `notes`, `status`, `recurrence_rule_id`, `recurrence_index`, `is_recurrence_parent`, `has_conflict`, `source`, `idempotency_key`, `idempotency_expires_at`, `replaces_booking_id`, `replaced_by_booking_id`, `created_at`, `updated_at`) VALUES (10405, 9, 9, 19137, 18, 'CAROLA SANZONE', NULL, 'cancelled', NULL, NULL, 0, 0, 'manual', 'd1682131-8494-4e8d-ba66-0986fac33403', '2026-04-05 19:50:39', NULL, NULL, '2026-04-04 17:50:39', '2026-04-04 17:50:49');
INSERT INTO `bookings` (`id`, `business_id`, `location_id`, `client_id`, `user_id`, `client_name`, `notes`, `status`, `recurrence_rule_id`, `recurrence_index`, `is_recurrence_parent`, `has_conflict`, `source`, `idempotency_key`, `idempotency_expires_at`, `replaces_booking_id`, `replaced_by_booking_id`, `created_at`, `updated_at`) VALUES (10406, 9, 9, 35028, 18, 'Carola Latini', NULL, 'confirmed', NULL, NULL, 0, 0, 'manual', '6fd76491-39b2-46f5-833b-ff03875e70d8', '2026-04-05 19:51:19', NULL, NULL, '2026-04-04 17:51:19', '2026-04-04 17:51:19');
INSERT INTO `bookings` (`id`, `business_id`, `location_id`, `client_id`, `user_id`, `client_name`, `notes`, `status`, `recurrence_rule_id`, `recurrence_index`, `is_recurrence_parent`, `has_conflict`, `source`, `idempotency_key`, `idempotency_expires_at`, `replaces_booking_id`, `replaced_by_booking_id`, `created_at`, `updated_at`) VALUES (10407, 1, 1, 203, 7, 'Maria Formiconi', NULL, 'cancelled', NULL, NULL, 0, 0, 'manual', 'df6af46f-7a2d-460a-b156-b0c77edee393', '2026-04-05 20:07:19', NULL, NULL, '2026-04-04 18:07:19', '2026-04-04 18:13:02');
INSERT INTO `bookings` (`id`, `business_id`, `location_id`, `client_id`, `user_id`, `client_name`, `notes`, `status`, `recurrence_rule_id`, `recurrence_index`, `is_recurrence_parent`, `has_conflict`, `source`, `idempotency_key`, `idempotency_expires_at`, `replaces_booking_id`, `replaced_by_booking_id`, `created_at`, `updated_at`) VALUES (10408, 3, 3, 3269, NULL, 'Eleonora Cinelli', NULL, 'confirmed', NULL, NULL, 0, 0, 'online', '7d244c59-7fce-4440-bea3-41e0861e9196', '2026-04-05 21:03:57', NULL, NULL, '2026-04-04 19:03:57', '2026-04-04 19:03:57');
INSERT INTO `bookings` (`id`, `business_id`, `location_id`, `client_id`, `user_id`, `client_name`, `notes`, `status`, `recurrence_rule_id`, `recurrence_index`, `is_recurrence_parent`, `has_conflict`, `source`, `idempotency_key`, `idempotency_expires_at`, `replaces_booking_id`, `replaced_by_booking_id`, `created_at`, `updated_at`) VALUES (10409, 7, 7, 18129, NULL, 'sara Oltolini', NULL, 'confirmed', NULL, NULL, 0, 0, 'online', '79c0e887-a30c-4479-9c13-55a9bd8005ad', '2026-04-05 21:11:08', NULL, NULL, '2026-04-04 19:11:08', '2026-04-04 19:11:08');
INSERT INTO `bookings` (`id`, `business_id`, `location_id`, `client_id`, `user_id`, `client_name`, `notes`, `status`, `recurrence_rule_id`, `recurrence_index`, `is_recurrence_parent`, `has_conflict`, `source`, `idempotency_key`, `idempotency_expires_at`, `replaces_booking_id`, `replaced_by_booking_id`, `created_at`, `updated_at`) VALUES (10410, 7, 7, 16458, NULL, 'Eleonora Russo', NULL, 'confirmed', NULL, NULL, 0, 0, 'online', 'd3c3e09b-89ab-4d41-9ce3-153417b2a257', '2026-04-05 21:41:19', NULL, NULL, '2026-04-04 19:41:19', '2026-04-04 19:41:19');
INSERT INTO `bookings` (`id`, `business_id`, `location_id`, `client_id`, `user_id`, `client_name`, `notes`, `status`, `recurrence_rule_id`, `recurrence_index`, `is_recurrence_parent`, `has_conflict`, `source`, `idempotency_key`, `idempotency_expires_at`, `replaces_booking_id`, `replaced_by_booking_id`, `created_at`, `updated_at`) VALUES (10411, 7, 7, 18755, NULL, 'Alice Ripamonti', NULL, 'confirmed', NULL, NULL, 0, 0, 'online', '4e5a3326-9bae-46db-a00e-ca33aea0e167', '2026-04-06 09:02:48', NULL, NULL, '2026-04-05 07:02:48', '2026-04-05 07:02:48');
INSERT INTO `bookings` (`id`, `business_id`, `location_id`, `client_id`, `user_id`, `client_name`, `notes`, `status`, `recurrence_rule_id`, `recurrence_index`, `is_recurrence_parent`, `has_conflict`, `source`, `idempotency_key`, `idempotency_expires_at`, `replaces_booking_id`, `replaced_by_booking_id`, `created_at`, `updated_at`) VALUES (10412, 7, 8, 18755, NULL, 'Alice Ripamonti', NULL, 'confirmed', NULL, NULL, 0, 0, 'online', '371f09de-29fd-4d07-90ec-69c29ddda4c5', '2026-04-06 09:04:55', NULL, NULL, '2026-04-05 07:04:55', '2026-04-05 07:04:55');

INSERT INTO `booking_items` (`id`, `booking_id`, `location_id`, `service_id`, `service_variant_id`, `staff_id`, `start_time`, `end_time`, `price`, `list_price_cents`, `applied_price_cents`, `package_id`, `pricing_source`, `extra_blocked_minutes`, `extra_processing_minutes`, `service_name_snapshot`, `client_name_snapshot`, `created_at`, `updated_at`) VALUES (13720, 10404, 9, 919, 1039, 64, '2026-04-15 09:30:00', '2026-04-15 10:30:00', 0.00, 0, 0, NULL, 'service', 0, 0, 'Consulenza Dermo - Free', 'Eloisa Mazza', '2026-04-04 17:50:16', '2026-04-04 17:50:16');
INSERT INTO `booking_items` (`id`, `booking_id`, `location_id`, `service_id`, `service_variant_id`, `staff_id`, `start_time`, `end_time`, `price`, `list_price_cents`, `applied_price_cents`, `package_id`, `pricing_source`, `extra_blocked_minutes`, `extra_processing_minutes`, `service_name_snapshot`, `client_name_snapshot`, `created_at`, `updated_at`) VALUES (13721, 10405, 9, 907, 1027, 64, '2026-04-11 08:30:00', '2026-04-11 11:30:00', 400.00, 40000, 40000, NULL, 'service', 0, 0, 'Dermopigmentazione Microblading', 'CAROLA SANZONE', '2026-04-04 17:50:39', '2026-04-04 17:50:39');
INSERT INTO `booking_items` (`id`, `booking_id`, `location_id`, `service_id`, `service_variant_id`, `staff_id`, `start_time`, `end_time`, `price`, `list_price_cents`, `applied_price_cents`, `package_id`, `pricing_source`, `extra_blocked_minutes`, `extra_processing_minutes`, `service_name_snapshot`, `client_name_snapshot`, `created_at`, `updated_at`) VALUES (13722, 10406, 9, 907, 1027, 64, '2026-04-11 08:45:00', '2026-04-11 11:45:00', 400.00, 40000, 40000, NULL, 'service', 0, 0, 'Dermopigmentazione Microblading', 'Carola Latini', '2026-04-04 17:51:19', '2026-04-04 17:51:19');
INSERT INTO `booking_items` (`id`, `booking_id`, `location_id`, `service_id`, `service_variant_id`, `staff_id`, `start_time`, `end_time`, `price`, `list_price_cents`, `applied_price_cents`, `package_id`, `pricing_source`, `extra_blocked_minutes`, `extra_processing_minutes`, `service_name_snapshot`, `client_name_snapshot`, `created_at`, `updated_at`) VALUES (13723, 10407, 1, 151, 149, 14, '2026-04-23 16:00:00', '2026-04-23 16:20:00', 40.00, 4000, 4000, 8, 'package', 0, 45, 'Colore Senza Ammoniaca', 'Maria Formiconi', '2026-04-04 18:07:19', '2026-04-04 18:07:19');
INSERT INTO `booking_items` (`id`, `booking_id`, `location_id`, `service_id`, `service_variant_id`, `staff_id`, `start_time`, `end_time`, `price`, `list_price_cents`, `applied_price_cents`, `package_id`, `pricing_source`, `extra_blocked_minutes`, `extra_processing_minutes`, `service_name_snapshot`, `client_name_snapshot`, `created_at`, `updated_at`) VALUES (13724, 10407, 1, 157, 155, 14, '2026-04-23 17:05:00', '2026-04-23 17:50:00', 15.00, 1500, 1500, 8, 'package', 0, 0, 'Piega Lunga', 'Maria Formiconi', '2026-04-04 18:07:19', '2026-04-04 18:07:19');
INSERT INTO `booking_items` (`id`, `booking_id`, `location_id`, `service_id`, `service_variant_id`, `staff_id`, `start_time`, `end_time`, `price`, `list_price_cents`, `applied_price_cents`, `package_id`, `pricing_source`, `extra_blocked_minutes`, `extra_processing_minutes`, `service_name_snapshot`, `client_name_snapshot`, `created_at`, `updated_at`) VALUES (13725, 10408, 3, 398, 396, 19, '2026-06-16 14:30:00', '2026-06-16 15:30:00', 25.00, 2500, 2500, NULL, 'service', 0, 0, 'Semipermanente Monocolore (No Allungamento)', 'Eleonora Cinelli', '2026-04-04 19:03:57', '2026-04-04 19:03:57');
INSERT INTO `booking_items` (`id`, `booking_id`, `location_id`, `service_id`, `service_variant_id`, `staff_id`, `start_time`, `end_time`, `price`, `list_price_cents`, `applied_price_cents`, `package_id`, `pricing_source`, `extra_blocked_minutes`, `extra_processing_minutes`, `service_name_snapshot`, `client_name_snapshot`, `created_at`, `updated_at`) VALUES (13726, 10409, 7, 602, 721, 56, '2026-04-08 09:45:00', '2026-04-08 09:55:00', 10.00, 1000, 1000, NULL, 'service', 0, 0, 'Sopracciglia - Donna', 'sara Oltolini', '2026-04-04 19:11:08', '2026-04-04 19:11:08');
INSERT INTO `booking_items` (`id`, `booking_id`, `location_id`, `service_id`, `service_variant_id`, `staff_id`, `start_time`, `end_time`, `price`, `list_price_cents`, `applied_price_cents`, `package_id`, `pricing_source`, `extra_blocked_minutes`, `extra_processing_minutes`, `service_name_snapshot`, `client_name_snapshot`, `created_at`, `updated_at`) VALUES (13727, 10410, 7, 588, 707, 49, '2026-04-11 09:30:00', '2026-04-11 09:40:00', 19.00, 1900, 1900, NULL, 'service', 0, 0, 'Glutei', 'Eleonora Russo', '2026-04-04 19:41:19', '2026-04-04 19:41:19');
INSERT INTO `booking_items` (`id`, `booking_id`, `location_id`, `service_id`, `service_variant_id`, `staff_id`, `start_time`, `end_time`, `price`, `list_price_cents`, `applied_price_cents`, `package_id`, `pricing_source`, `extra_blocked_minutes`, `extra_processing_minutes`, `service_name_snapshot`, `client_name_snapshot`, `created_at`, `updated_at`) VALUES (13728, 10410, 7, 590, 709, 49, '2026-04-11 09:50:00', '2026-04-11 10:20:00', 30.00, 3000, 3000, NULL, 'service', 0, 0, 'Gamba Intera + Inguine', 'Eleonora Russo', '2026-04-04 19:41:19', '2026-04-04 19:41:19');
INSERT INTO `booking_items` (`id`, `booking_id`, `location_id`, `service_id`, `service_variant_id`, `staff_id`, `start_time`, `end_time`, `price`, `list_price_cents`, `applied_price_cents`, `package_id`, `pricing_source`, `extra_blocked_minutes`, `extra_processing_minutes`, `service_name_snapshot`, `client_name_snapshot`, `created_at`, `updated_at`) VALUES (13729, 10411, 7, 655, 774, 56, '2026-04-09 13:15:00', '2026-04-09 13:25:00', 10.00, 1000, 1000, NULL, 'service', 0, 0, 'Sopracciglia', 'Alice Ripamonti', '2026-04-05 07:02:48', '2026-04-05 07:02:48');
INSERT INTO `booking_items` (`id`, `booking_id`, `location_id`, `service_id`, `service_variant_id`, `staff_id`, `start_time`, `end_time`, `price`, `list_price_cents`, `applied_price_cents`, `package_id`, `pricing_source`, `extra_blocked_minutes`, `extra_processing_minutes`, `service_name_snapshot`, `client_name_snapshot`, `created_at`, `updated_at`) VALUES (13730, 10412, 8, 641, 639, 48, '2026-05-16 13:30:00', '2026-05-16 15:30:00', 65.00, 6500, 6500, 34, 'package', 0, 0, 'Shatush', 'Alice Ripamonti', '2026-04-05 07:04:55', '2026-04-05 07:04:55');
INSERT INTO `booking_items` (`id`, `booking_id`, `location_id`, `service_id`, `service_variant_id`, `staff_id`, `start_time`, `end_time`, `price`, `list_price_cents`, `applied_price_cents`, `package_id`, `pricing_source`, `extra_blocked_minutes`, `extra_processing_minutes`, `service_name_snapshot`, `client_name_snapshot`, `created_at`, `updated_at`) VALUES (13731, 10412, 8, 630, 628, 48, '2026-05-16 15:30:00', '2026-05-16 16:30:00', 42.00, 4200, 4200, 34, 'package', 0, 0, 'Taglio + Piega', 'Alice Ripamonti', '2026-04-05 07:04:55', '2026-04-05 07:04:55');

INSERT INTO `booking_events` (`id`, `booking_id`, `event_type`, `actor_type`, `actor_id`, `actor_name`, `correlation_id`, `payload_json`, `created_at`) VALUES (27427, 10404, 'booking_created', 'staff', 18, 'Carla Lucidi', NULL, '{\"items\": [{\"price\": 0, \"end_time\": \"2026-04-15 10:30:00\", \"staff_id\": 64, \"service_id\": 919, \"staff_name\": \"Valeria D.\", \"start_time\": \"2026-04-15 09:30:00\", \"service_name\": \"Consulenza Dermo - Free\"}], \"notes\": null, \"source\": \"manual\", \"status\": \"confirmed\", \"client_id\": 35204, \"booking_id\": 10404, \"location_id\": 9, \"total_price\": 0, \"last_end_time\": \"2026-04-15 10:30:00\", \"first_start_time\": \"2026-04-15 09:30:00\"}', '2026-04-04 19:50:16');
INSERT INTO `booking_events` (`id`, `booking_id`, `event_type`, `actor_type`, `actor_id`, `actor_name`, `correlation_id`, `payload_json`, `created_at`) VALUES (27428, 10405, 'booking_created', 'staff', 18, 'Carla Lucidi', NULL, '{\"items\": [{\"price\": 400, \"end_time\": \"2026-04-11 11:30:00\", \"staff_id\": 64, \"service_id\": 907, \"staff_name\": \"Valeria D.\", \"start_time\": \"2026-04-11 08:30:00\", \"service_name\": \"Dermopigmentazione Microblading\"}], \"notes\": null, \"source\": \"manual\", \"status\": \"confirmed\", \"client_id\": 19137, \"booking_id\": 10405, \"location_id\": 9, \"total_price\": 400, \"last_end_time\": \"2026-04-11 11:30:00\", \"first_start_time\": \"2026-04-11 08:30:00\"}', '2026-04-04 19:50:39');
INSERT INTO `booking_events` (`id`, `booking_id`, `event_type`, `actor_type`, `actor_id`, `actor_name`, `correlation_id`, `payload_json`, `created_at`) VALUES (27429, 10405, 'booking_updated', 'staff', 18, 'Carla Lucidi', NULL, '{\"after\": {\"id\": 10405, \"notes\": null, \"source\": \"manual\", \"status\": \"cancelled\", \"client_id\": 19137, \"business_id\": 9, \"client_name\": \"CAROLA SANZONE\", \"location_id\": 9}, \"before\": {\"id\": 10405, \"notes\": null, \"source\": \"manual\", \"status\": \"confirmed\", \"client_id\": 19137, \"business_id\": 9, \"client_name\": \"CAROLA SANZONE\", \"location_id\": 9}, \"booking_id\": 10405, \"changed_fields\": [\"status\"]}', '2026-04-04 19:50:49');
INSERT INTO `booking_events` (`id`, `booking_id`, `event_type`, `actor_type`, `actor_id`, `actor_name`, `correlation_id`, `payload_json`, `created_at`) VALUES (27430, 10405, 'booking_cancelled', 'staff', 18, 'Carla Lucidi', NULL, '{\"items\": [{\"id\": 13721, \"price\": \"400.00\", \"end_time\": \"2026-04-11 11:30:00\", \"staff_id\": 64, \"service_id\": 907, \"start_time\": \"2026-04-11 08:30:00\"}], \"notes\": null, \"source\": \"manual\", \"status\": \"cancelled\", \"client_id\": 19137, \"booking_id\": 10405, \"business_id\": 9, \"location_id\": 9, \"total_price\": 400, \"last_end_time\": \"2026-04-11 11:30:00\", \"first_start_time\": \"2026-04-11 08:30:00\"}', '2026-04-04 19:50:49');
INSERT INTO `booking_events` (`id`, `booking_id`, `event_type`, `actor_type`, `actor_id`, `actor_name`, `correlation_id`, `payload_json`, `created_at`) VALUES (27431, 10406, 'booking_created', 'staff', 18, 'Carla Lucidi', NULL, '{\"items\": [{\"price\": 400, \"end_time\": \"2026-04-11 11:45:00\", \"staff_id\": 64, \"service_id\": 907, \"staff_name\": \"Valeria D.\", \"start_time\": \"2026-04-11 08:45:00\", \"service_name\": \"Dermopigmentazione Microblading\"}], \"notes\": null, \"source\": \"manual\", \"status\": \"confirmed\", \"client_id\": 35028, \"booking_id\": 10406, \"location_id\": 9, \"total_price\": 400, \"last_end_time\": \"2026-04-11 11:45:00\", \"first_start_time\": \"2026-04-11 08:45:00\"}', '2026-04-04 19:51:19');
INSERT INTO `booking_events` (`id`, `booking_id`, `event_type`, `actor_type`, `actor_id`, `actor_name`, `correlation_id`, `payload_json`, `created_at`) VALUES (27432, 10407, 'booking_created', 'staff', 7, 'Giovanni Santoro', NULL, '{\"items\": [{\"price\": 40, \"end_time\": \"2026-04-23 16:20:00\", \"staff_id\": 14, \"service_id\": 151, \"staff_name\": \"Giovanni S.\", \"start_time\": \"2026-04-23 16:00:00\", \"service_name\": \"Colore Senza Ammoniaca\"}, {\"price\": 15, \"end_time\": \"2026-04-23 17:50:00\", \"staff_id\": 14, \"service_id\": 157, \"staff_name\": \"Giovanni S.\", \"start_time\": \"2026-04-23 17:05:00\", \"service_name\": \"Piega Lunga\"}], \"notes\": null, \"source\": \"manual\", \"status\": \"confirmed\", \"client_id\": 203, \"booking_id\": 10407, \"location_id\": 1, \"total_price\": 55, \"last_end_time\": \"2026-04-23 17:50:00\", \"first_start_time\": \"2026-04-23 16:00:00\"}', '2026-04-04 20:07:19');
INSERT INTO `booking_events` (`id`, `booking_id`, `event_type`, `actor_type`, `actor_id`, `actor_name`, `correlation_id`, `payload_json`, `created_at`) VALUES (27433, 10407, 'booking_notification_sent', 'system', NULL, 'Notification Worker', NULL, '{\"channel\": \"booking_confirmed\", \"sent_at\": \"2026-04-04 20:08:01\", \"subject\": \"Prenotazione confermata - Santoro Hair Art\", \"provider_used\": \"smtp\", \"notification_id\": 13935, \"recipient_email\": \"formiconimaria@gmail.com\"}', '2026-04-04 20:08:01');
INSERT INTO `booking_events` (`id`, `booking_id`, `event_type`, `actor_type`, `actor_id`, `actor_name`, `correlation_id`, `payload_json`, `created_at`) VALUES (27434, 10407, 'booking_updated', 'staff', 7, 'Giovanni Santoro', NULL, '{\"after\": {\"id\": 10407, \"notes\": null, \"source\": \"manual\", \"status\": \"cancelled\", \"client_id\": 203, \"business_id\": 1, \"client_name\": \"Maria Formiconi\", \"location_id\": 1}, \"before\": {\"id\": 10407, \"notes\": null, \"source\": \"manual\", \"status\": \"confirmed\", \"client_id\": 203, \"business_id\": 1, \"client_name\": \"Maria Formiconi\", \"location_id\": 1}, \"booking_id\": 10407, \"changed_fields\": [\"status\"]}', '2026-04-04 20:13:02');
INSERT INTO `booking_events` (`id`, `booking_id`, `event_type`, `actor_type`, `actor_id`, `actor_name`, `correlation_id`, `payload_json`, `created_at`) VALUES (27435, 10407, 'booking_cancelled', 'staff', 7, 'Giovanni Santoro', NULL, '{\"items\": [{\"id\": 13723, \"price\": \"40.00\", \"end_time\": \"2026-04-23 16:20:00\", \"staff_id\": 14, \"service_id\": 151, \"start_time\": \"2026-04-23 16:00:00\"}, {\"id\": 13724, \"price\": \"15.00\", \"end_time\": \"2026-04-23 17:50:00\", \"staff_id\": 14, \"service_id\": 157, \"start_time\": \"2026-04-23 17:05:00\"}], \"notes\": null, \"source\": \"manual\", \"status\": \"cancelled\", \"client_id\": 203, \"booking_id\": 10407, \"business_id\": 1, \"location_id\": 1, \"total_price\": 55, \"last_end_time\": \"2026-04-23 17:50:00\", \"first_start_time\": \"2026-04-23 16:00:00\"}', '2026-04-04 20:13:02');
INSERT INTO `booking_events` (`id`, `booking_id`, `event_type`, `actor_type`, `actor_id`, `actor_name`, `correlation_id`, `payload_json`, `created_at`) VALUES (27436, 10407, 'booking_notification_sent', 'system', NULL, 'Notification Worker', NULL, '{\"channel\": \"booking_cancelled\", \"sent_at\": \"2026-04-04 20:14:01\", \"subject\": \"Prenotazione cancellata - Santoro Hair Art\", \"provider_used\": \"smtp\", \"notification_id\": 13937, \"recipient_email\": \"formiconimaria@gmail.com\"}', '2026-04-04 20:14:01');
INSERT INTO `booking_events` (`id`, `booking_id`, `event_type`, `actor_type`, `actor_id`, `actor_name`, `correlation_id`, `payload_json`, `created_at`) VALUES (27437, 10408, 'booking_created', 'customer', 3269, 'Eleonora Cinelli', NULL, '{\"items\": [{\"price\": 25, \"end_time\": \"2026-06-16 15:30:00\", \"staff_id\": 19, \"service_id\": 398, \"staff_name\": \"Deborah .\", \"start_time\": \"2026-06-16 14:30:00\", \"service_name\": \"Semipermanente Monocolore (No Allungamento)\"}], \"notes\": null, \"source\": \"online\", \"status\": \"confirmed\", \"client_id\": 3269, \"booking_id\": 10408, \"location_id\": 3, \"total_price\": 25, \"last_end_time\": \"2026-06-16 15:30:00\", \"first_start_time\": \"2026-06-16 14:30:00\"}', '2026-04-04 21:03:57');
INSERT INTO `booking_events` (`id`, `booking_id`, `event_type`, `actor_type`, `actor_id`, `actor_name`, `correlation_id`, `payload_json`, `created_at`) VALUES (27438, 10408, 'booking_notification_sent', 'system', NULL, 'Notification Worker', NULL, '{\"channel\": \"booking_confirmed\", \"sent_at\": \"2026-04-04 21:04:01\", \"subject\": \"Booking confirmed - Beauty Revolution\", \"provider_used\": \"smtp\", \"notification_id\": 13938, \"recipient_email\": \"cinelli_eleonora@libero.it\"}', '2026-04-04 21:04:01');
INSERT INTO `booking_events` (`id`, `booking_id`, `event_type`, `actor_type`, `actor_id`, `actor_name`, `correlation_id`, `payload_json`, `created_at`) VALUES (27439, 10409, 'booking_created', 'customer', 18129, 'sara Oltolini', NULL, '{\"items\": [{\"price\": 10, \"end_time\": \"2026-04-08 09:55:00\", \"staff_id\": 56, \"service_id\": 602, \"staff_name\": \"DEBORA P.\", \"start_time\": \"2026-04-08 09:45:00\", \"service_name\": \"Sopracciglia - Donna\"}], \"notes\": null, \"source\": \"online\", \"status\": \"confirmed\", \"client_id\": 18129, \"booking_id\": 10409, \"location_id\": 7, \"total_price\": 10, \"last_end_time\": \"2026-04-08 09:55:00\", \"first_start_time\": \"2026-04-08 09:45:00\"}', '2026-04-04 21:11:08');
INSERT INTO `booking_events` (`id`, `booking_id`, `event_type`, `actor_type`, `actor_id`, `actor_name`, `correlation_id`, `payload_json`, `created_at`) VALUES (27440, 10409, 'booking_notification_sent', 'system', NULL, 'Notification Worker', NULL, '{\"channel\": \"booking_confirmed\", \"sent_at\": \"2026-04-04 21:12:01\", \"subject\": \"Prenotazione confermata - Elisir Estetica Moderna\", \"provider_used\": \"smtp\", \"notification_id\": 13940, \"recipient_email\": \"oltolinisara@gmail.com\"}', '2026-04-04 21:12:01');
INSERT INTO `booking_events` (`id`, `booking_id`, `event_type`, `actor_type`, `actor_id`, `actor_name`, `correlation_id`, `payload_json`, `created_at`) VALUES (27441, 10410, 'booking_created', 'customer', 16458, 'Eleonora Russo', NULL, '{\"items\": [{\"price\": 19, \"end_time\": \"2026-04-11 09:40:00\", \"staff_id\": 49, \"service_id\": 588, \"staff_name\": \"AURORA .\", \"start_time\": \"2026-04-11 09:30:00\", \"service_name\": \"Glutei\"}, {\"price\": 30, \"end_time\": \"2026-04-11 10:20:00\", \"staff_id\": 49, \"service_id\": 590, \"staff_name\": \"AURORA .\", \"start_time\": \"2026-04-11 09:50:00\", \"service_name\": \"Gamba Intera + Inguine\"}], \"notes\": null, \"source\": \"online\", \"status\": \"confirmed\", \"client_id\": 16458, \"booking_id\": 10410, \"location_id\": 7, \"total_price\": 49, \"last_end_time\": \"2026-04-11 10:20:00\", \"first_start_time\": \"2026-04-11 09:30:00\"}', '2026-04-04 21:41:19');
INSERT INTO `booking_events` (`id`, `booking_id`, `event_type`, `actor_type`, `actor_id`, `actor_name`, `correlation_id`, `payload_json`, `created_at`) VALUES (27442, 10410, 'booking_notification_sent', 'system', NULL, 'Notification Worker', NULL, '{\"channel\": \"booking_confirmed\", \"sent_at\": \"2026-04-04 21:42:01\", \"subject\": \"Prenotazione confermata - Elisir Estetica Moderna\", \"provider_used\": \"smtp\", \"notification_id\": 13942, \"recipient_email\": \"eleonorarusso80-@libero.it\"}', '2026-04-04 21:42:01');
INSERT INTO `booking_events` (`id`, `booking_id`, `event_type`, `actor_type`, `actor_id`, `actor_name`, `correlation_id`, `payload_json`, `created_at`) VALUES (27445, 10411, 'booking_created', 'customer', 18755, 'Alice Ripamonti', NULL, '{\"items\": [{\"price\": 10, \"end_time\": \"2026-04-09 13:25:00\", \"staff_id\": 56, \"service_id\": 655, \"staff_name\": \"DEBORA P.\", \"start_time\": \"2026-04-09 13:15:00\", \"service_name\": \"Sopracciglia\"}], \"notes\": null, \"source\": \"online\", \"status\": \"confirmed\", \"client_id\": 18755, \"booking_id\": 10411, \"location_id\": 7, \"total_price\": 10, \"last_end_time\": \"2026-04-09 13:25:00\", \"first_start_time\": \"2026-04-09 13:15:00\"}', '2026-04-05 09:02:48');
INSERT INTO `booking_events` (`id`, `booking_id`, `event_type`, `actor_type`, `actor_id`, `actor_name`, `correlation_id`, `payload_json`, `created_at`) VALUES (27446, 10411, 'booking_notification_sent', 'system', NULL, 'Notification Worker', NULL, '{\"channel\": \"booking_confirmed\", \"sent_at\": \"2026-04-05 09:03:02\", \"subject\": \"Prenotazione confermata - Elisir Estetica Moderna\", \"provider_used\": \"smtp\", \"notification_id\": 13945, \"recipient_email\": \"aliceripa.00@gmail.com\"}', '2026-04-05 09:03:02');
INSERT INTO `booking_events` (`id`, `booking_id`, `event_type`, `actor_type`, `actor_id`, `actor_name`, `correlation_id`, `payload_json`, `created_at`) VALUES (27447, 10412, 'booking_created', 'customer', 18755, 'Alice Ripamonti', NULL, '{\"items\": [{\"price\": 65, \"end_time\": \"2026-05-16 15:30:00\", \"staff_id\": 48, \"service_id\": 641, \"staff_name\": \"LUCREZIA .\", \"start_time\": \"2026-05-16 13:30:00\", \"service_name\": \"Shatush\"}, {\"price\": 42, \"end_time\": \"2026-05-16 16:30:00\", \"staff_id\": 48, \"service_id\": 630, \"staff_name\": \"LUCREZIA .\", \"start_time\": \"2026-05-16 15:30:00\", \"service_name\": \"Taglio + Piega\"}], \"notes\": null, \"source\": \"online\", \"status\": \"confirmed\", \"client_id\": 18755, \"booking_id\": 10412, \"location_id\": 8, \"total_price\": 107, \"last_end_time\": \"2026-05-16 16:30:00\", \"first_start_time\": \"2026-05-16 13:30:00\"}', '2026-04-05 09:04:55');
INSERT INTO `booking_events` (`id`, `booking_id`, `event_type`, `actor_type`, `actor_id`, `actor_name`, `correlation_id`, `payload_json`, `created_at`) VALUES (27448, 10412, 'booking_notification_sent', 'system', NULL, 'Notification Worker', NULL, '{\"channel\": \"booking_confirmed\", \"sent_at\": \"2026-04-05 09:05:01\", \"subject\": \"Prenotazione confermata - Elisir Estetica Moderna\", \"provider_used\": \"smtp\", \"notification_id\": 13947, \"recipient_email\": \"aliceripa.00@gmail.com\"}', '2026-04-05 09:05:01');

INSERT INTO `notification_queue` (`id`, `type`, `channel`, `recipient_type`, `recipient_id`, `recipient_email`, `recipient_phone`, `recipient_name`, `subject`, `payload`, `priority`, `scheduled_at`, `status`, `attempts`, `max_attempts`, `last_attempt_at`, `sent_at`, `failed_at`, `error_message`, `provider_used`, `business_id`, `booking_id`, `created_at`, `updated_at`) VALUES (13935, 'email', 'booking_confirmed', 'client', 203, 'formiconimaria@gmail.com', NULL, 'Maria', 'Prenotazione confermata - Santoro Hair Art', '{\"template\": \"booking_confirmed\", \"variables\": {\"date\": \"giovedì 23 aprile 2026\", \"time\": \"16:00\", \"services\": \"Colore Senza Ammoniaca, Piega Lunga\", \"manage_url\": \"https://prenota.romeolab.it/santorohairart/my-bookings\", \"booking_url\": \"https://prenota.romeolab.it/santorohairart/booking\", \"client_name\": \"Maria\", \"sender_name\": \"Santoro Hair Art\", \"total_price\": \"55,00\", \"sender_email\": \"santoro.barber.1994@gmail.com\", \"business_name\": \"Santoro Hair Art\", \"location_city\": \"\", \"location_name\": \"Santoro Hair Art\", \"business_email\": \"santoro.barber.1994@gmail.com\", \"location_email\": \"\", \"location_phone\": \"\", \"cancel_deadline\": \"mercoledì 22 aprile 2026 alle 16:00\", \"location_address\": \"\", \"location_block_html\": \"\", \"location_block_text\": \"\"}, \"attachments\": [{\"content\": \"QkVHSU46VkNBTEVOREFSDQpWRVJTSU9OOjIuMA0KUFJPRElEOi0vL1JvbWVvTGFiIEFnZW5kYS8vSVQNCkNBTFNDQUxFOkdSRUdPUklBTg0KTUVUSE9EOlBVQkxJU0gNClgtV1ItVElNRVpPTkU6RXVyb3BlL1JvbWUNCkJFR0lOOlZFVkVOVA0KVUlEOmJvb2tpbmctMTA0MDctMjAyNjA0MjNAcm9tZW9sYWIuaXQNCkRUU1RBTVA6MjAyNjA0MDRUMTgwNzE5Wg0KRFRTVEFSVDtUWklEPUV1cm9wZS9Sb21lOjIwMjYwNDIzVDE2MDAwMA0KRFRFTkQ7VFpJRD1FdXJvcGUvUm9tZToyMDI2MDQyM1QxNzUwMDANClNVTU1BUlk6QXBwdW50YW1lbnRvIHByZXNzbyBTYW50b3JvIEhhaXIgQXJ0DQpERVNDUklQVElPTjpTZXJ2aXppOiBDb2xvcmUgU2VuemEgQW1tb25pYWNhXCwgUGllZ2EgTHVuZ2ENCkxPQ0FUSU9OOlNhbnRvcm8gSGFpciBBcnQNClNUQVRVUzpDT05GSVJNRUQNClNFUVVFTkNFOjANCkVORDpWRVZFTlQNCkVORDpWQ0FMRU5EQVI=\", \"encoding\": \"base64\", \"filename\": \"appuntamento.ics\", \"content_type\": \"text/calendar; charset=utf-8\"}]}', 1, NULL, 'sent', 1, 3, '2026-04-04 20:08:01', '2026-04-04 20:08:01', NULL, NULL, 'smtp', 1, 10407, '2026-04-04 18:07:19', '2026-04-04 18:08:01');
INSERT INTO `notification_queue` (`id`, `type`, `channel`, `recipient_type`, `recipient_id`, `recipient_email`, `recipient_phone`, `recipient_name`, `subject`, `payload`, `priority`, `scheduled_at`, `status`, `attempts`, `max_attempts`, `last_attempt_at`, `sent_at`, `failed_at`, `error_message`, `provider_used`, `business_id`, `booking_id`, `created_at`, `updated_at`) VALUES (13937, 'email', 'booking_cancelled', 'client', 203, 'formiconimaria@gmail.com', NULL, 'Maria', 'Prenotazione cancellata - Santoro Hair Art', '{\"template\": \"booking_cancelled\", \"variables\": {\"date\": \"giovedì 23 aprile 2026\", \"time\": \"16:00\", \"services\": \"Colore Senza Ammoniaca, Piega Lunga\", \"booking_url\": \"https://prenota.romeolab.it/santorohairart/booking?location=1\", \"client_name\": \"Maria\", \"sender_name\": \"Santoro Hair Art\", \"sender_email\": \"santoro.barber.1994@gmail.com\", \"business_name\": \"Santoro Hair Art\", \"location_city\": \"\", \"location_name\": \"Santoro Hair Art\", \"business_email\": \"santoro.barber.1994@gmail.com\", \"location_email\": \"\", \"location_address\": \"\", \"location_block_html\": \"\", \"location_block_text\": \"\"}}', 2, NULL, 'sent', 1, 3, '2026-04-04 20:14:01', '2026-04-04 20:14:01', NULL, NULL, 'smtp', 1, 10407, '2026-04-04 18:13:02', '2026-04-04 18:14:01');
INSERT INTO `notification_queue` (`id`, `type`, `channel`, `recipient_type`, `recipient_id`, `recipient_email`, `recipient_phone`, `recipient_name`, `subject`, `payload`, `priority`, `scheduled_at`, `status`, `attempts`, `max_attempts`, `last_attempt_at`, `sent_at`, `failed_at`, `error_message`, `provider_used`, `business_id`, `booking_id`, `created_at`, `updated_at`) VALUES (13938, 'email', 'booking_confirmed', 'client', 3269, 'cinelli_eleonora@libero.it', NULL, 'Eleonora', 'Booking confirmed - Beauty Revolution', '{\"template\": \"booking_confirmed\", \"variables\": {\"date\": \"Tuesday 16 June 2026\", \"time\": \"14:30\", \"services\": \"Semipermanente Monocolore (No Allungamento)\", \"manage_url\": \"https://prenota.romeolab.it/beauty-revolution/my-bookings\", \"booking_url\": \"https://prenota.romeolab.it/beauty-revolution/booking\", \"client_name\": \"Eleonora\", \"sender_name\": \"Beauty Revolution\", \"total_price\": \"25,00\", \"sender_email\": \"beautyrevolutiondragona@gmail.com\", \"business_name\": \"Beauty Revolution\", \"location_city\": \"\", \"location_name\": \"Beauty Revolution\", \"business_email\": \"beautyrevolutiondragona@gmail.com\", \"location_email\": \"\", \"location_phone\": \"\", \"cancel_deadline\": \"Monday 15 June 2026 at 14:30\", \"location_address\": \"Via Ippolito Desideri, 69, Roma\", \"location_block_html\": \"\", \"location_block_text\": \"\"}, \"attachments\": [{\"content\": \"QkVHSU46VkNBTEVOREFSDQpWRVJTSU9OOjIuMA0KUFJPRElEOi0vL1JvbWVvTGFiIEFnZW5kYS8vSVQNCkNBTFNDQUxFOkdSRUdPUklBTg0KTUVUSE9EOlBVQkxJU0gNClgtV1ItVElNRVpPTkU6RXVyb3BlL1JvbWUNCkJFR0lOOlZFVkVOVA0KVUlEOmJvb2tpbmctMTA0MDgtMjAyNjA2MTZAcm9tZW9sYWIuaXQNCkRUU1RBTVA6MjAyNjA0MDRUMTkwMzU3Wg0KRFRTVEFSVDtUWklEPUV1cm9wZS9Sb21lOjIwMjYwNjE2VDE0MzAwMA0KRFRFTkQ7VFpJRD1FdXJvcGUvUm9tZToyMDI2MDYxNlQxNTMwMDANClNVTU1BUlk6QXBwb2ludG1lbnQgYXQgQmVhdXR5IFJldm9sdXRpb24NCkRFU0NSSVBUSU9OOlNlcnZpY2VzOiBTZW1pcGVybWFuZW50ZSBNb25vY29sb3JlIChObyBBbGx1bmdhbWVudG8pDQpMT0NBVElPTjpCZWF1dHkgUmV2b2x1dGlvblwsIFZpYSBJcHBvbGl0byBEZXNpZGVyaVwsIDY5XCwgUm9tYQ0KU1RBVFVTOkNPTkZJUk1FRA0KU0VRVUVOQ0U6MA0KRU5EOlZFVkVOVA0KRU5EOlZDQUxFTkRBUg==\", \"encoding\": \"base64\", \"filename\": \"appuntamento.ics\", \"content_type\": \"text/calendar; charset=utf-8\"}]}', 1, NULL, 'sent', 1, 3, '2026-04-04 21:04:01', '2026-04-04 21:04:01', NULL, NULL, 'smtp', 3, 10408, '2026-04-04 19:03:57', '2026-04-04 19:04:01');
INSERT INTO `notification_queue` (`id`, `type`, `channel`, `recipient_type`, `recipient_id`, `recipient_email`, `recipient_phone`, `recipient_name`, `subject`, `payload`, `priority`, `scheduled_at`, `status`, `attempts`, `max_attempts`, `last_attempt_at`, `sent_at`, `failed_at`, `error_message`, `provider_used`, `business_id`, `booking_id`, `created_at`, `updated_at`) VALUES (13939, 'email', 'booking_reminder', 'client', 3269, 'cinelli_eleonora@libero.it', NULL, 'Eleonora', 'Reminder: you have an appointment tomorrow - Beauty Revolution', '{\"template\": \"booking_reminder\", \"variables\": {\"date\": \"Tuesday 16 June 2026\", \"time\": \"14:30\", \"services\": \"Semipermanente Monocolore (No Allungamento)\", \"manage_url\": \"https://prenota.romeolab.it/beauty-revolution/my-bookings\", \"client_name\": \"Eleonora\", \"sender_name\": \"Beauty Revolution\", \"sender_email\": \"beautyrevolutiondragona@gmail.com\", \"business_name\": \"Beauty Revolution\", \"location_name\": \"Beauty Revolution\", \"business_email\": \"beautyrevolutiondragona@gmail.com\", \"location_email\": \"\", \"location_phone\": \"\", \"location_address\": \"Via Ippolito Desideri, 69, Roma\", \"location_block_html\": \"\", \"location_block_text\": \"\"}, \"attachments\": [{\"content\": \"QkVHSU46VkNBTEVOREFSDQpWRVJTSU9OOjIuMA0KUFJPRElEOi0vL1JvbWVvTGFiIEFnZW5kYS8vSVQNCkNBTFNDQUxFOkdSRUdPUklBTg0KTUVUSE9EOlBVQkxJU0gNClgtV1ItVElNRVpPTkU6RXVyb3BlL1JvbWUNCkJFR0lOOlZFVkVOVA0KVUlEOmJvb2tpbmctMTA0MDgtMjAyNjA2MTZAcm9tZW9sYWIuaXQNCkRUU1RBTVA6MjAyNjA0MDRUMTkwMzU3Wg0KRFRTVEFSVDtUWklEPUV1cm9wZS9Sb21lOjIwMjYwNjE2VDE0MzAwMA0KRFRFTkQ7VFpJRD1FdXJvcGUvUm9tZToyMDI2MDYxNlQxNTMwMDANClNVTU1BUlk6QXBwb2ludG1lbnQgYXQgQmVhdXR5IFJldm9sdXRpb24NCkRFU0NSSVBUSU9OOlNlcnZpY2VzOiBTZW1pcGVybWFuZW50ZSBNb25vY29sb3JlIChObyBBbGx1bmdhbWVudG8pDQpMT0NBVElPTjpCZWF1dHkgUmV2b2x1dGlvblwsIFZpYSBJcHBvbGl0byBEZXNpZGVyaVwsIDY5XCwgUm9tYQ0KU1RBVFVTOkNPTkZJUk1FRA0KU0VRVUVOQ0U6MA0KRU5EOlZFVkVOVA0KRU5EOlZDQUxFTkRBUg==\", \"encoding\": \"base64\", \"filename\": \"appuntamento.ics\", \"content_type\": \"text/calendar; charset=utf-8\"}]}', 5, '2026-06-15 14:30:00', 'pending', 0, 4, NULL, NULL, NULL, NULL, 'smtp', 3, 10408, '2026-04-04 19:03:57', '2026-04-04 19:03:57');
INSERT INTO `notification_queue` (`id`, `type`, `channel`, `recipient_type`, `recipient_id`, `recipient_email`, `recipient_phone`, `recipient_name`, `subject`, `payload`, `priority`, `scheduled_at`, `status`, `attempts`, `max_attempts`, `last_attempt_at`, `sent_at`, `failed_at`, `error_message`, `provider_used`, `business_id`, `booking_id`, `created_at`, `updated_at`) VALUES (13940, 'email', 'booking_confirmed', 'client', 18129, 'oltolinisara@gmail.com', NULL, 'sara', 'Prenotazione confermata - Elisir Estetica Moderna', '{\"template\": \"booking_confirmed\", \"variables\": {\"date\": \"mercoledì 8 aprile 2026\", \"time\": \"09:45\", \"services\": \"Sopracciglia - Donna\", \"manage_url\": \"https://prenota.romeolab.it/elisir-estetica-moderna/my-bookings\", \"booking_url\": \"https://prenota.romeolab.it/elisir-estetica-moderna/booking\", \"client_name\": \"sara\", \"sender_name\": \"Elisir Estetica Moderna\", \"total_price\": \"10,00\", \"sender_email\": \"debora.perdon@virgilio.it\", \"business_name\": \"Elisir Estetica Moderna\", \"location_city\": \"\", \"location_name\": \"Salone Di Piazza Roma\", \"business_email\": \"debora.perdon@virgilio.it\", \"location_email\": \"\", \"location_phone\": \"\", \"cancel_deadline\": \"martedì 7 aprile 2026 alle 09:45\", \"location_address\": \"Piazza Roma 4,  Seveso\", \"location_block_html\": \"<tr>\\n                                    <td style=\\\"padding:8px 0;border-bottom:1px solid #e0e0e0;\\\">\\n                                        <span style=\\\"color:#666;\\\">📍 Dove</span><br>\\n                                        <strong style=\\\"color:#333;\\\">Salone Di Piazza Roma</strong><br>\\n                                        <span style=\\\"color:#666;font-size:14px;\\\">Piazza Roma 4,  Seveso</span>\\n                                    </td>\\n                                </tr>\", \"location_block_text\": \"📍 Dove: Salone Di Piazza Roma, Piazza Roma 4,  Seveso\\n\"}, \"attachments\": [{\"content\": \"QkVHSU46VkNBTEVOREFSDQpWRVJTSU9OOjIuMA0KUFJPRElEOi0vL1JvbWVvTGFiIEFnZW5kYS8vSVQNCkNBTFNDQUxFOkdSRUdPUklBTg0KTUVUSE9EOlBVQkxJU0gNClgtV1ItVElNRVpPTkU6RXVyb3BlL1JvbWUNCkJFR0lOOlZFVkVOVA0KVUlEOmJvb2tpbmctMTA0MDktMjAyNjA0MDhAcm9tZW9sYWIuaXQNCkRUU1RBTVA6MjAyNjA0MDRUMTkxMTA4Wg0KRFRTVEFSVDtUWklEPUV1cm9wZS9Sb21lOjIwMjYwNDA4VDA5NDUwMA0KRFRFTkQ7VFpJRD1FdXJvcGUvUm9tZToyMDI2MDQwOFQwOTU1MDANClNVTU1BUlk6QXBwdW50YW1lbnRvIHByZXNzbyBFbGlzaXIgRXN0ZXRpY2EgTW9kZXJuYQ0KREVTQ1JJUFRJT046U2Vydml6aTogU29wcmFjY2lnbGlhIC0gRG9ubmENCkxPQ0FUSU9OOlNhbG9uZSBEaSBQaWF6emEgUm9tYVwsIFBpYXp6YSBSb21hIDRcLCAgU2V2ZXNvDQpTVEFUVVM6Q09ORklSTUVEDQpTRVFVRU5DRTowDQpFTkQ6VkVWRU5UDQpFTkQ6VkNBTEVOREFS\", \"encoding\": \"base64\", \"filename\": \"appuntamento.ics\", \"content_type\": \"text/calendar; charset=utf-8\"}]}', 1, NULL, 'sent', 1, 3, '2026-04-04 21:12:01', '2026-04-04 21:12:01', NULL, NULL, 'smtp', 7, 10409, '2026-04-04 19:11:08', '2026-04-04 19:12:01');
INSERT INTO `notification_queue` (`id`, `type`, `channel`, `recipient_type`, `recipient_id`, `recipient_email`, `recipient_phone`, `recipient_name`, `subject`, `payload`, `priority`, `scheduled_at`, `status`, `attempts`, `max_attempts`, `last_attempt_at`, `sent_at`, `failed_at`, `error_message`, `provider_used`, `business_id`, `booking_id`, `created_at`, `updated_at`) VALUES (13941, 'email', 'booking_reminder', 'client', 18129, 'oltolinisara@gmail.com', NULL, 'sara', 'Promemoria: domani hai un appuntamento - Elisir Estetica Moderna', '{\"template\": \"booking_reminder\", \"variables\": {\"date\": \"mercoledì 8 aprile 2026\", \"time\": \"09:45\", \"services\": \"Sopracciglia - Donna\", \"manage_url\": \"https://prenota.romeolab.it/elisir-estetica-moderna/my-bookings\", \"client_name\": \"sara\", \"sender_name\": \"Elisir Estetica Moderna\", \"sender_email\": \"debora.perdon@virgilio.it\", \"business_name\": \"Elisir Estetica Moderna\", \"location_name\": \"Salone Di Piazza Roma\", \"business_email\": \"debora.perdon@virgilio.it\", \"location_email\": \"\", \"location_phone\": \"\", \"location_address\": \"Piazza Roma 4,  Seveso\", \"location_block_html\": \"<tr>\\n                                    <td style=\\\"padding:5px 0;\\\">\\n                                        <span style=\\\"color:#666;\\\">📍 Dove</span><br>\\n                                        <strong style=\\\"color:#333;\\\">Salone Di Piazza Roma</strong><br>\\n                                        <span style=\\\"color:#666;font-size:14px;\\\">Piazza Roma 4,  Seveso</span>\\n                                    </td>\\n                                </tr>\", \"location_block_text\": \"📍 Dove: Salone Di Piazza Roma, Piazza Roma 4,  Seveso\\n\"}, \"attachments\": [{\"content\": \"QkVHSU46VkNBTEVOREFSDQpWRVJTSU9OOjIuMA0KUFJPRElEOi0vL1JvbWVvTGFiIEFnZW5kYS8vSVQNCkNBTFNDQUxFOkdSRUdPUklBTg0KTUVUSE9EOlBVQkxJU0gNClgtV1ItVElNRVpPTkU6RXVyb3BlL1JvbWUNCkJFR0lOOlZFVkVOVA0KVUlEOmJvb2tpbmctMTA0MDktMjAyNjA0MDhAcm9tZW9sYWIuaXQNCkRUU1RBTVA6MjAyNjA0MDRUMTkxMTA4Wg0KRFRTVEFSVDtUWklEPUV1cm9wZS9Sb21lOjIwMjYwNDA4VDA5NDUwMA0KRFRFTkQ7VFpJRD1FdXJvcGUvUm9tZToyMDI2MDQwOFQwOTU1MDANClNVTU1BUlk6QXBwdW50YW1lbnRvIHByZXNzbyBFbGlzaXIgRXN0ZXRpY2EgTW9kZXJuYQ0KREVTQ1JJUFRJT046U2Vydml6aTogU29wcmFjY2lnbGlhIC0gRG9ubmENCkxPQ0FUSU9OOlNhbG9uZSBEaSBQaWF6emEgUm9tYVwsIFBpYXp6YSBSb21hIDRcLCAgU2V2ZXNvDQpTVEFUVVM6Q09ORklSTUVEDQpTRVFVRU5DRTowDQpFTkQ6VkVWRU5UDQpFTkQ6VkNBTEVOREFS\", \"encoding\": \"base64\", \"filename\": \"appuntamento.ics\", \"content_type\": \"text/calendar; charset=utf-8\"}]}', 5, '2026-04-07 09:45:00', 'pending', 0, 4, NULL, NULL, NULL, NULL, 'smtp', 7, 10409, '2026-04-04 19:11:08', '2026-04-04 19:11:08');
INSERT INTO `notification_queue` (`id`, `type`, `channel`, `recipient_type`, `recipient_id`, `recipient_email`, `recipient_phone`, `recipient_name`, `subject`, `payload`, `priority`, `scheduled_at`, `status`, `attempts`, `max_attempts`, `last_attempt_at`, `sent_at`, `failed_at`, `error_message`, `provider_used`, `business_id`, `booking_id`, `created_at`, `updated_at`) VALUES (13942, 'email', 'booking_confirmed', 'client', 16458, 'eleonorarusso80-@libero.it', NULL, 'Eleonora', 'Prenotazione confermata - Elisir Estetica Moderna', '{\"template\": \"booking_confirmed\", \"variables\": {\"date\": \"sabato 11 aprile 2026\", \"time\": \"09:30\", \"services\": \"Glutei, Gamba Intera + Inguine\", \"manage_url\": \"https://prenota.romeolab.it/elisir-estetica-moderna/my-bookings\", \"booking_url\": \"https://prenota.romeolab.it/elisir-estetica-moderna/booking\", \"client_name\": \"Eleonora\", \"sender_name\": \"Elisir Estetica Moderna\", \"total_price\": \"49,00\", \"sender_email\": \"debora.perdon@virgilio.it\", \"business_name\": \"Elisir Estetica Moderna\", \"location_city\": \"\", \"location_name\": \"Salone Di Piazza Roma\", \"business_email\": \"debora.perdon@virgilio.it\", \"location_email\": \"\", \"location_phone\": \"\", \"cancel_deadline\": \"venerdì 10 aprile 2026 alle 09:30\", \"location_address\": \"Piazza Roma 4,  Seveso\", \"location_block_html\": \"<tr>\\n                                    <td style=\\\"padding:8px 0;border-bottom:1px solid #e0e0e0;\\\">\\n                                        <span style=\\\"color:#666;\\\">📍 Dove</span><br>\\n                                        <strong style=\\\"color:#333;\\\">Salone Di Piazza Roma</strong><br>\\n                                        <span style=\\\"color:#666;font-size:14px;\\\">Piazza Roma 4,  Seveso</span>\\n                                    </td>\\n                                </tr>\", \"location_block_text\": \"📍 Dove: Salone Di Piazza Roma, Piazza Roma 4,  Seveso\\n\"}, \"attachments\": [{\"content\": \"QkVHSU46VkNBTEVOREFSDQpWRVJTSU9OOjIuMA0KUFJPRElEOi0vL1JvbWVvTGFiIEFnZW5kYS8vSVQNCkNBTFNDQUxFOkdSRUdPUklBTg0KTUVUSE9EOlBVQkxJU0gNClgtV1ItVElNRVpPTkU6RXVyb3BlL1JvbWUNCkJFR0lOOlZFVkVOVA0KVUlEOmJvb2tpbmctMTA0MTAtMjAyNjA0MTFAcm9tZW9sYWIuaXQNCkRUU1RBTVA6MjAyNjA0MDRUMTk0MTE5Wg0KRFRTVEFSVDtUWklEPUV1cm9wZS9Sb21lOjIwMjYwNDExVDA5MzAwMA0KRFRFTkQ7VFpJRD1FdXJvcGUvUm9tZToyMDI2MDQxMVQxMDIwMDANClNVTU1BUlk6QXBwdW50YW1lbnRvIHByZXNzbyBFbGlzaXIgRXN0ZXRpY2EgTW9kZXJuYQ0KREVTQ1JJUFRJT046U2Vydml6aTogR2x1dGVpXCwgR2FtYmEgSW50ZXJhICsgSW5ndWluZQ0KTE9DQVRJT046U2Fsb25lIERpIFBpYXp6YSBSb21hXCwgUGlhenphIFJvbWEgNFwsICBTZXZlc28NClNUQVRVUzpDT05GSVJNRUQNClNFUVVFTkNFOjANCkVORDpWRVZFTlQNCkVORDpWQ0FMRU5EQVI=\", \"encoding\": \"base64\", \"filename\": \"appuntamento.ics\", \"content_type\": \"text/calendar; charset=utf-8\"}]}', 1, NULL, 'sent', 1, 3, '2026-04-04 21:42:01', '2026-04-04 21:42:01', NULL, NULL, 'smtp', 7, 10410, '2026-04-04 19:41:19', '2026-04-04 19:42:01');
INSERT INTO `notification_queue` (`id`, `type`, `channel`, `recipient_type`, `recipient_id`, `recipient_email`, `recipient_phone`, `recipient_name`, `subject`, `payload`, `priority`, `scheduled_at`, `status`, `attempts`, `max_attempts`, `last_attempt_at`, `sent_at`, `failed_at`, `error_message`, `provider_used`, `business_id`, `booking_id`, `created_at`, `updated_at`) VALUES (13943, 'email', 'booking_reminder', 'client', 16458, 'eleonorarusso80-@libero.it', NULL, 'Eleonora', 'Promemoria: domani hai un appuntamento - Elisir Estetica Moderna', '{\"template\": \"booking_reminder\", \"variables\": {\"date\": \"sabato 11 aprile 2026\", \"time\": \"09:30\", \"services\": \"Glutei, Gamba Intera + Inguine\", \"manage_url\": \"https://prenota.romeolab.it/elisir-estetica-moderna/my-bookings\", \"client_name\": \"Eleonora\", \"sender_name\": \"Elisir Estetica Moderna\", \"sender_email\": \"debora.perdon@virgilio.it\", \"business_name\": \"Elisir Estetica Moderna\", \"location_name\": \"Salone Di Piazza Roma\", \"business_email\": \"debora.perdon@virgilio.it\", \"location_email\": \"\", \"location_phone\": \"\", \"location_address\": \"Piazza Roma 4,  Seveso\", \"location_block_html\": \"<tr>\\n                                    <td style=\\\"padding:5px 0;\\\">\\n                                        <span style=\\\"color:#666;\\\">📍 Dove</span><br>\\n                                        <strong style=\\\"color:#333;\\\">Salone Di Piazza Roma</strong><br>\\n                                        <span style=\\\"color:#666;font-size:14px;\\\">Piazza Roma 4,  Seveso</span>\\n                                    </td>\\n                                </tr>\", \"location_block_text\": \"📍 Dove: Salone Di Piazza Roma, Piazza Roma 4,  Seveso\\n\"}, \"attachments\": [{\"content\": \"QkVHSU46VkNBTEVOREFSDQpWRVJTSU9OOjIuMA0KUFJPRElEOi0vL1JvbWVvTGFiIEFnZW5kYS8vSVQNCkNBTFNDQUxFOkdSRUdPUklBTg0KTUVUSE9EOlBVQkxJU0gNClgtV1ItVElNRVpPTkU6RXVyb3BlL1JvbWUNCkJFR0lOOlZFVkVOVA0KVUlEOmJvb2tpbmctMTA0MTAtMjAyNjA0MTFAcm9tZW9sYWIuaXQNCkRUU1RBTVA6MjAyNjA0MDRUMTk0MTE5Wg0KRFRTVEFSVDtUWklEPUV1cm9wZS9Sb21lOjIwMjYwNDExVDA5MzAwMA0KRFRFTkQ7VFpJRD1FdXJvcGUvUm9tZToyMDI2MDQxMVQxMDIwMDANClNVTU1BUlk6QXBwdW50YW1lbnRvIHByZXNzbyBFbGlzaXIgRXN0ZXRpY2EgTW9kZXJuYQ0KREVTQ1JJUFRJT046U2Vydml6aTogR2x1dGVpXCwgR2FtYmEgSW50ZXJhICsgSW5ndWluZQ0KTE9DQVRJT046U2Fsb25lIERpIFBpYXp6YSBSb21hXCwgUGlhenphIFJvbWEgNFwsICBTZXZlc28NClNUQVRVUzpDT05GSVJNRUQNClNFUVVFTkNFOjANCkVORDpWRVZFTlQNCkVORDpWQ0FMRU5EQVI=\", \"encoding\": \"base64\", \"filename\": \"appuntamento.ics\", \"content_type\": \"text/calendar; charset=utf-8\"}]}', 5, '2026-04-10 09:30:00', 'pending', 0, 4, NULL, NULL, NULL, NULL, 'smtp', 7, 10410, '2026-04-04 19:41:19', '2026-04-04 19:41:19');
INSERT INTO `notification_queue` (`id`, `type`, `channel`, `recipient_type`, `recipient_id`, `recipient_email`, `recipient_phone`, `recipient_name`, `subject`, `payload`, `priority`, `scheduled_at`, `status`, `attempts`, `max_attempts`, `last_attempt_at`, `sent_at`, `failed_at`, `error_message`, `provider_used`, `business_id`, `booking_id`, `created_at`, `updated_at`) VALUES (13945, 'email', 'booking_confirmed', 'client', 18755, 'aliceripa.00@gmail.com', NULL, 'Alice', 'Prenotazione confermata - Elisir Estetica Moderna', '{\"template\": \"booking_confirmed\", \"variables\": {\"date\": \"giovedì 9 aprile 2026\", \"time\": \"13:15\", \"services\": \"Sopracciglia\", \"manage_url\": \"https://prenota.romeolab.it/elisir-estetica-moderna/my-bookings\", \"booking_url\": \"https://prenota.romeolab.it/elisir-estetica-moderna/booking\", \"client_name\": \"Alice\", \"sender_name\": \"Elisir Estetica Moderna\", \"total_price\": \"10,00\", \"sender_email\": \"debora.perdon@virgilio.it\", \"business_name\": \"Elisir Estetica Moderna\", \"location_city\": \"\", \"location_name\": \"Salone Di Piazza Roma\", \"business_email\": \"debora.perdon@virgilio.it\", \"location_email\": \"\", \"location_phone\": \"\", \"cancel_deadline\": \"mercoledì 8 aprile 2026 alle 13:15\", \"location_address\": \"Piazza Roma 4,  Seveso\", \"location_block_html\": \"<tr>\\n                                    <td style=\\\"padding:8px 0;border-bottom:1px solid #e0e0e0;\\\">\\n                                        <span style=\\\"color:#666;\\\">📍 Dove</span><br>\\n                                        <strong style=\\\"color:#333;\\\">Salone Di Piazza Roma</strong><br>\\n                                        <span style=\\\"color:#666;font-size:14px;\\\">Piazza Roma 4,  Seveso</span>\\n                                    </td>\\n                                </tr>\", \"location_block_text\": \"📍 Dove: Salone Di Piazza Roma, Piazza Roma 4,  Seveso\\n\"}, \"attachments\": [{\"content\": \"QkVHSU46VkNBTEVOREFSDQpWRVJTSU9OOjIuMA0KUFJPRElEOi0vL1JvbWVvTGFiIEFnZW5kYS8vSVQNCkNBTFNDQUxFOkdSRUdPUklBTg0KTUVUSE9EOlBVQkxJU0gNClgtV1ItVElNRVpPTkU6RXVyb3BlL1JvbWUNCkJFR0lOOlZFVkVOVA0KVUlEOmJvb2tpbmctMTA0MTEtMjAyNjA0MDlAcm9tZW9sYWIuaXQNCkRUU1RBTVA6MjAyNjA0MDVUMDcwMjQ4Wg0KRFRTVEFSVDtUWklEPUV1cm9wZS9Sb21lOjIwMjYwNDA5VDEzMTUwMA0KRFRFTkQ7VFpJRD1FdXJvcGUvUm9tZToyMDI2MDQwOVQxMzI1MDANClNVTU1BUlk6QXBwdW50YW1lbnRvIHByZXNzbyBFbGlzaXIgRXN0ZXRpY2EgTW9kZXJuYQ0KREVTQ1JJUFRJT046U2Vydml6aTogU29wcmFjY2lnbGlhDQpMT0NBVElPTjpTYWxvbmUgRGkgUGlhenphIFJvbWFcLCBQaWF6emEgUm9tYSA0XCwgIFNldmVzbw0KU1RBVFVTOkNPTkZJUk1FRA0KU0VRVUVOQ0U6MA0KRU5EOlZFVkVOVA0KRU5EOlZDQUxFTkRBUg==\", \"encoding\": \"base64\", \"filename\": \"appuntamento.ics\", \"content_type\": \"text/calendar; charset=utf-8\"}]}', 1, NULL, 'sent', 1, 3, '2026-04-05 09:03:02', '2026-04-05 09:03:02', NULL, NULL, 'smtp', 7, 10411, '2026-04-05 07:02:48', '2026-04-05 07:03:02');
INSERT INTO `notification_queue` (`id`, `type`, `channel`, `recipient_type`, `recipient_id`, `recipient_email`, `recipient_phone`, `recipient_name`, `subject`, `payload`, `priority`, `scheduled_at`, `status`, `attempts`, `max_attempts`, `last_attempt_at`, `sent_at`, `failed_at`, `error_message`, `provider_used`, `business_id`, `booking_id`, `created_at`, `updated_at`) VALUES (13946, 'email', 'booking_reminder', 'client', 18755, 'aliceripa.00@gmail.com', NULL, 'Alice', 'Promemoria: domani hai un appuntamento - Elisir Estetica Moderna', '{\"template\": \"booking_reminder\", \"variables\": {\"date\": \"giovedì 9 aprile 2026\", \"time\": \"13:15\", \"services\": \"Sopracciglia\", \"manage_url\": \"https://prenota.romeolab.it/elisir-estetica-moderna/my-bookings\", \"client_name\": \"Alice\", \"sender_name\": \"Elisir Estetica Moderna\", \"sender_email\": \"debora.perdon@virgilio.it\", \"business_name\": \"Elisir Estetica Moderna\", \"location_name\": \"Salone Di Piazza Roma\", \"business_email\": \"debora.perdon@virgilio.it\", \"location_email\": \"\", \"location_phone\": \"\", \"location_address\": \"Piazza Roma 4,  Seveso\", \"location_block_html\": \"<tr>\\n                                    <td style=\\\"padding:5px 0;\\\">\\n                                        <span style=\\\"color:#666;\\\">📍 Dove</span><br>\\n                                        <strong style=\\\"color:#333;\\\">Salone Di Piazza Roma</strong><br>\\n                                        <span style=\\\"color:#666;font-size:14px;\\\">Piazza Roma 4,  Seveso</span>\\n                                    </td>\\n                                </tr>\", \"location_block_text\": \"📍 Dove: Salone Di Piazza Roma, Piazza Roma 4,  Seveso\\n\"}, \"attachments\": [{\"content\": \"QkVHSU46VkNBTEVOREFSDQpWRVJTSU9OOjIuMA0KUFJPRElEOi0vL1JvbWVvTGFiIEFnZW5kYS8vSVQNCkNBTFNDQUxFOkdSRUdPUklBTg0KTUVUSE9EOlBVQkxJU0gNClgtV1ItVElNRVpPTkU6RXVyb3BlL1JvbWUNCkJFR0lOOlZFVkVOVA0KVUlEOmJvb2tpbmctMTA0MTEtMjAyNjA0MDlAcm9tZW9sYWIuaXQNCkRUU1RBTVA6MjAyNjA0MDVUMDcwMjQ4Wg0KRFRTVEFSVDtUWklEPUV1cm9wZS9Sb21lOjIwMjYwNDA5VDEzMTUwMA0KRFRFTkQ7VFpJRD1FdXJvcGUvUm9tZToyMDI2MDQwOVQxMzI1MDANClNVTU1BUlk6QXBwdW50YW1lbnRvIHByZXNzbyBFbGlzaXIgRXN0ZXRpY2EgTW9kZXJuYQ0KREVTQ1JJUFRJT046U2Vydml6aTogU29wcmFjY2lnbGlhDQpMT0NBVElPTjpTYWxvbmUgRGkgUGlhenphIFJvbWFcLCBQaWF6emEgUm9tYSA0XCwgIFNldmVzbw0KU1RBVFVTOkNPTkZJUk1FRA0KU0VRVUVOQ0U6MA0KRU5EOlZFVkVOVA0KRU5EOlZDQUxFTkRBUg==\", \"encoding\": \"base64\", \"filename\": \"appuntamento.ics\", \"content_type\": \"text/calendar; charset=utf-8\"}]}', 5, '2026-04-08 13:15:00', 'pending', 0, 4, NULL, NULL, NULL, NULL, 'smtp', 7, 10411, '2026-04-05 07:02:48', '2026-04-05 07:02:48');
INSERT INTO `notification_queue` (`id`, `type`, `channel`, `recipient_type`, `recipient_id`, `recipient_email`, `recipient_phone`, `recipient_name`, `subject`, `payload`, `priority`, `scheduled_at`, `status`, `attempts`, `max_attempts`, `last_attempt_at`, `sent_at`, `failed_at`, `error_message`, `provider_used`, `business_id`, `booking_id`, `created_at`, `updated_at`) VALUES (13947, 'email', 'booking_confirmed', 'client', 18755, 'aliceripa.00@gmail.com', NULL, 'Alice', 'Prenotazione confermata - Elisir Estetica Moderna', '{\"template\": \"booking_confirmed\", \"variables\": {\"date\": \"sabato 16 maggio 2026\", \"time\": \"13:30\", \"services\": \"Shatush, Taglio + Piega\", \"manage_url\": \"https://prenota.romeolab.it/elisir-estetica-moderna/my-bookings\", \"booking_url\": \"https://prenota.romeolab.it/elisir-estetica-moderna/booking\", \"client_name\": \"Alice\", \"sender_name\": \"Elisir Estetica Moderna\", \"total_price\": \"107,00\", \"sender_email\": \"debora.perdon@virgilio.it\", \"business_name\": \"Elisir Estetica Moderna\", \"location_city\": \"\", \"location_name\": \"Salone Di Corso Isonzo\", \"business_email\": \"debora.perdon@virgilio.it\", \"location_email\": \"\", \"location_phone\": \"\", \"cancel_deadline\": \"venerdì 15 maggio 2026 alle 13:30\", \"location_address\": \"Corso Isonzo 98 - Seveso\", \"location_block_html\": \"<tr>\\n                                    <td style=\\\"padding:8px 0;border-bottom:1px solid #e0e0e0;\\\">\\n                                        <span style=\\\"color:#666;\\\">📍 Dove</span><br>\\n                                        <strong style=\\\"color:#333;\\\">Salone Di Corso Isonzo</strong><br>\\n                                        <span style=\\\"color:#666;font-size:14px;\\\">Corso Isonzo 98 - Seveso</span>\\n                                    </td>\\n                                </tr>\", \"location_block_text\": \"📍 Dove: Salone Di Corso Isonzo, Corso Isonzo 98 - Seveso\\n\"}, \"attachments\": [{\"content\": \"QkVHSU46VkNBTEVOREFSDQpWRVJTSU9OOjIuMA0KUFJPRElEOi0vL1JvbWVvTGFiIEFnZW5kYS8vSVQNCkNBTFNDQUxFOkdSRUdPUklBTg0KTUVUSE9EOlBVQkxJU0gNClgtV1ItVElNRVpPTkU6RXVyb3BlL1JvbWUNCkJFR0lOOlZFVkVOVA0KVUlEOmJvb2tpbmctMTA0MTItMjAyNjA1MTZAcm9tZW9sYWIuaXQNCkRUU1RBTVA6MjAyNjA0MDVUMDcwNDU1Wg0KRFRTVEFSVDtUWklEPUV1cm9wZS9Sb21lOjIwMjYwNTE2VDEzMzAwMA0KRFRFTkQ7VFpJRD1FdXJvcGUvUm9tZToyMDI2MDUxNlQxNjMwMDANClNVTU1BUlk6QXBwdW50YW1lbnRvIHByZXNzbyBFbGlzaXIgRXN0ZXRpY2EgTW9kZXJuYQ0KREVTQ1JJUFRJT046U2Vydml6aTogU2hhdHVzaFwsIFRhZ2xpbyArIFBpZWdhDQpMT0NBVElPTjpTYWxvbmUgRGkgQ29yc28gSXNvbnpvXCwgQ29yc28gSXNvbnpvIDk4IC0gU2V2ZXNvDQpTVEFUVVM6Q09ORklSTUVEDQpTRVFVRU5DRTowDQpFTkQ6VkVWRU5UDQpFTkQ6VkNBTEVOREFS\", \"encoding\": \"base64\", \"filename\": \"appuntamento.ics\", \"content_type\": \"text/calendar; charset=utf-8\"}]}', 1, NULL, 'sent', 1, 3, '2026-04-05 09:05:01', '2026-04-05 09:05:01', NULL, NULL, 'smtp', 7, 10412, '2026-04-05 07:04:55', '2026-04-05 07:05:01');
INSERT INTO `notification_queue` (`id`, `type`, `channel`, `recipient_type`, `recipient_id`, `recipient_email`, `recipient_phone`, `recipient_name`, `subject`, `payload`, `priority`, `scheduled_at`, `status`, `attempts`, `max_attempts`, `last_attempt_at`, `sent_at`, `failed_at`, `error_message`, `provider_used`, `business_id`, `booking_id`, `created_at`, `updated_at`) VALUES (13948, 'email', 'booking_reminder', 'client', 18755, 'aliceripa.00@gmail.com', NULL, 'Alice', 'Promemoria: domani hai un appuntamento - Elisir Estetica Moderna', '{\"template\": \"booking_reminder\", \"variables\": {\"date\": \"sabato 16 maggio 2026\", \"time\": \"13:30\", \"services\": \"Shatush, Taglio + Piega\", \"manage_url\": \"https://prenota.romeolab.it/elisir-estetica-moderna/my-bookings\", \"client_name\": \"Alice\", \"sender_name\": \"Elisir Estetica Moderna\", \"sender_email\": \"debora.perdon@virgilio.it\", \"business_name\": \"Elisir Estetica Moderna\", \"location_name\": \"Salone Di Corso Isonzo\", \"business_email\": \"debora.perdon@virgilio.it\", \"location_email\": \"\", \"location_phone\": \"\", \"location_address\": \"Corso Isonzo 98 - Seveso\", \"location_block_html\": \"<tr>\\n                                    <td style=\\\"padding:5px 0;\\\">\\n                                        <span style=\\\"color:#666;\\\">📍 Dove</span><br>\\n                                        <strong style=\\\"color:#333;\\\">Salone Di Corso Isonzo</strong><br>\\n                                        <span style=\\\"color:#666;font-size:14px;\\\">Corso Isonzo 98 - Seveso</span>\\n                                    </td>\\n                                </tr>\", \"location_block_text\": \"📍 Dove: Salone Di Corso Isonzo, Corso Isonzo 98 - Seveso\\n\"}, \"attachments\": [{\"content\": \"QkVHSU46VkNBTEVOREFSDQpWRVJTSU9OOjIuMA0KUFJPRElEOi0vL1JvbWVvTGFiIEFnZW5kYS8vSVQNCkNBTFNDQUxFOkdSRUdPUklBTg0KTUVUSE9EOlBVQkxJU0gNClgtV1ItVElNRVpPTkU6RXVyb3BlL1JvbWUNCkJFR0lOOlZFVkVOVA0KVUlEOmJvb2tpbmctMTA0MTItMjAyNjA1MTZAcm9tZW9sYWIuaXQNCkRUU1RBTVA6MjAyNjA0MDVUMDcwNDU1Wg0KRFRTVEFSVDtUWklEPUV1cm9wZS9Sb21lOjIwMjYwNTE2VDEzMzAwMA0KRFRFTkQ7VFpJRD1FdXJvcGUvUm9tZToyMDI2MDUxNlQxNjMwMDANClNVTU1BUlk6QXBwdW50YW1lbnRvIHByZXNzbyBFbGlzaXIgRXN0ZXRpY2EgTW9kZXJuYQ0KREVTQ1JJUFRJT046U2Vydml6aTogU2hhdHVzaFwsIFRhZ2xpbyArIFBpZWdhDQpMT0NBVElPTjpTYWxvbmUgRGkgQ29yc28gSXNvbnpvXCwgQ29yc28gSXNvbnpvIDk4IC0gU2V2ZXNvDQpTVEFUVVM6Q09ORklSTUVEDQpTRVFVRU5DRTowDQpFTkQ6VkVWRU5UDQpFTkQ6VkNBTEVOREFS\", \"encoding\": \"base64\", \"filename\": \"appuntamento.ics\", \"content_type\": \"text/calendar; charset=utf-8\"}]}', 5, '2026-05-15 13:30:00', 'pending', 0, 4, NULL, NULL, NULL, NULL, 'smtp', 7, 10412, '2026-04-05 07:04:55', '2026-04-05 07:04:55');

-- booking_replacements: 0 rows

COMMIT;
